Workbook

Sheet Previsioni partecipanti
A1: # | B1: Data | C1: Orario (IT) | D1: Girone | E1: Squadra Casa | F1: Squadra Ospite | G1: Esito | H1: Leo Proietti | I1: =SUM(I3:I74) -> 0 | J1: Jack | K1: =SUM(K3:K74) -> 0 | L1: Antonella | M1: =SUM(M3:M74) -> 0 | N1: Vito | O1: =SUM(O3:O74) -> 0 | P1: Samuele | Q1: =SUM(Q3:Q74) -> 0 | R1: Valerio | S1: =SUM(S3:S74) -> 0 | T1: Edoardo | U1: =SUM(U3:U74) -> 0 | V1: Tania | W1: =SUM(W3:W74) -> 0 | X1: Pier | Y1: =SUM(Y3:Y74) -> 0 | Z1: Alessandra C. | AA1: =SUM(AA3:AA74) -> 0 | AB1: Alessandra P. | AC1: =SUM(AC3:AC74) -> 0 | AD1: Claudia A. | AE1: =SUM(AE3:AE74) -> 0 | AF1: Marco G. | AG1: =SUM(AG3:AG74) -> 0 | AH1: Alessio S. | AI1: =SUM(AI3:AI74) -> 0 | AJ1: Alessio R. | AK1: =SUM(AK3:AK74) -> 0 | AL1: Marco P. | AM1: =SUM(AM3:AM74) -> 0 | AN1: Khawla | AO1: =SUM(AO3:AO74) -> 0 | AP1: Federico R. | AQ1: =SUM(AQ3:AQ74) -> 0
G2: ESITO | H2: Esito previsto | I2: Punti | J2: Esito previsto | K2: Punti | L2: Esito previsto | M2: Punti | N2: Esito previsto | O2: Punti | P2: Esito previsto | Q2: Punti | R2: Esito previsto | S2: Punti | T2: Esito previsto | U2: Punti | V2: Esito previsto | W2: Punti | X2: Esito previsto | Y2: Punti | Z2: Esito previsto | AA2: Punti | AB2: Esito previsto | AC2: Punti | AD2: Esito previsto | AE2: Punti | AF2: Esito previsto | AG2: Punti | AH2: Esito previsto | AI2: Punti | AJ2: Esito previsto | AK2: Punti | AL2: Esito previsto | AM2: Punti | AN2: Esito previsto | AO2: Punti | AP2: Esito previsto | AQ2: Punti
A3: 1 | B3: Gio 11 giu | C3: 21:00 | D3: Girone A | E3: Messico | F3: Sudafrica | H3: 1 | I3: =IF($G3<>"",IF(H3=$G3,1,0),"") | J3: 1 | K3: =IF($G3<>"",IF(J3=$G3,1,0),"") | L3: 1 | M3: =IF($G3<>"",IF(L3=$G3,1,0),"") | N3: X | O3: =IF($G3<>"",IF(N3=$G3,1,0),"") | P3: 1 | Q3: =IF($G3<>"",IF(P3=$G3,1,0),"") | R3: 1 | S3: =IF($G3<>"",IF(R3=$G3,1,0),"") | T3: 1 | U3: =IF($G3<>"",IF(T3=$G3,1,0),"") | V3: 1 | W3: =IF($G3<>"",IF(V3=$G3,1,0),"") | X3: 1 | Y3: =IF($G3<>"",IF(X3=$G3,1,0),"") | Z3: X | AA3: =IF($G3<>"",IF(Z3=$G3,1,0),"") | AB3: X | AC3: =IF($G3<>"",IF(AB3=$G3,1,0),"") | AD3: 1 | AE3: =IF($G3<>"",IF(AD3=$G3,1,0),"") | AF3: 2 | AG3: =IF($G3<>"",IF(AF3=$G3,1,0),"") | AH3: 1 | AI3: =IF($G3<>"",IF(AH3=$G3,1,0),"") | AJ3: 1 | AK3: =IF($G3<>"",IF(AJ3=$G3,1,0),"") | AL3: 1 | AM3: =IF($G3<>"",IF(AL3=$G3,1,0),"") | AN3: 1 | AO3: =IF($G3<>"",IF(AN3=$G3,1,0),"") | AP3: 1 | AQ3: =IF($G3<>"",IF(AP3=$G3,1,0),"")
A4: 2 | B4: Ven 12 giu | C4: 04:00 | D4: Girone A | E4: Corea del Sud | F4: Repubblica Ceca | H4: 1 | I4: =IF($G4<>"",IF(H4=$G4,1,0),"") | J4: 2 | K4: =IF($G4<>"",IF(J4=$G4,1,0),"") | L4: 2 | M4: =IF($G4<>"",IF(L4=$G4,1,0),"") | N4: 2 | O4: =IF($G4<>"",IF(N4=$G4,1,0),"") | P4: X | Q4: =IF($G4<>"",IF(P4=$G4,1,0),"") | R4: X | S4: =IF($G4<>"",IF(R4=$G4,1,0),"") | T4: X | U4: =IF($G4<>"",IF(T4=$G4,1,0),"") | V4: X | W4: =IF($G4<>"",IF(V4=$G4,1,0),"") | X4: 1 | Y4: =IF($G4<>"",IF(X4=$G4,1,0),"") | Z4: 2 | AA4: =IF($G4<>"",IF(Z4=$G4,1,0),"") | AB4: 1 | AC4: =IF($G4<>"",IF(AB4=$G4,1,0),"") | AD4: 2 | AE4: =IF($G4<>"",IF(AD4=$G4,1,0),"") | AF4: 1 | AG4: =IF($G4<>"",IF(AF4=$G4,1,0),"") | AH4: X | AI4: =IF($G4<>"",IF(AH4=$G4,1,0),"") | AJ4: 1 | AK4: =IF($G4<>"",IF(AJ4=$G4,1,0),"") | AL4: 1 | AM4: =IF($G4<>"",IF(AL4=$G4,1,0),"") | AN4: 1 | AO4: =IF($G4<>"",IF(AN4=$G4,1,0),"") | AP4: 1 | AQ4: =IF($G4<>"",IF(AP4=$G4,1,0),"")
A5: 3 | B5: Ven 12 giu | C5: 21:00 | D5: Girone B | E5: Canada | F5: Bosnia-Erzegovina | H5: X | I5: =IF($G5<>"",IF(H5=$G5,1,0),"") | J5: X | K5: =IF($G5<>"",IF(J5=$G5,1,0),"") | L5: X | M5: =IF($G5<>"",IF(L5=$G5,1,0),"") | N5: 2 | O5: =IF($G5<>"",IF(N5=$G5,1,0),"") | P5: 1 | Q5: =IF($G5<>"",IF(P5=$G5,1,0),"") | R5: 2 | S5: =IF($G5<>"",IF(R5=$G5,1,0),"") | T5: 1 | U5: =IF($G5<>"",IF(T5=$G5,1,0),"") | V5: 1 | W5: =IF($G5<>"",IF(V5=$G5,1,0),"") | X5: 1 | Y5: =IF($G5<>"",IF(X5=$G5,1,0),"") | Z5: 1 | AA5: =IF($G5<>"",IF(Z5=$G5,1,0),"") | AB5: 1 | AC5: =IF($G5<>"",IF(AB5=$G5,1,0),"") | AD5: 1 | AE5: =IF($G5<>"",IF(AD5=$G5,1,0),"") | AF5: 2 | AG5: =IF($G5<>"",IF(AF5=$G5,1,0),"") | AH5: 1 | AI5: =IF($G5<>"",IF(AH5=$G5,1,0),"") | AJ5: 1 | AK5: =IF($G5<>"",IF(AJ5=$G5,1,0),"") | AL5: 2 | AM5: =IF($G5<>"",IF(AL5=$G5,1,0),"") | AN5: 1 | AO5: =IF($G5<>"",IF(AN5=$G5,1,0),"") | AP5: 1 | AQ5: =IF($G5<>"",IF(AP5=$G5,1,0),"")
A6: 4 | B6: Sab 13 giu | C6: 03:00 | D6: Girone D | E6: Stati Uniti | F6: Paraguay | H6: X | I6: =IF($G6<>"",IF(H6=$G6,1,0),"") | J6: 1 | K6: =IF($G6<>"",IF(J6=$G6,1,0),"") | L6: 1 | M6: =IF($G6<>"",IF(L6=$G6,1,0),"") | N6: 1 | O6: =IF($G6<>"",IF(N6=$G6,1,0),"") | P6: X | Q6: =IF($G6<>"",IF(P6=$G6,1,0),"") | R6: 1 | S6: =IF($G6<>"",IF(R6=$G6,1,0),"") | T6: X | U6: =IF($G6<>"",IF(T6=$G6,1,0),"") | V6: 1 | W6: =IF($G6<>"",IF(V6=$G6,1,0),"") | X6: 1 | Y6: =IF($G6<>"",IF(X6=$G6,1,0),"") | Z6: X | AA6: =IF($G6<>"",IF(Z6=$G6,1,0),"") | AB6: X | AC6: =IF($G6<>"",IF(AB6=$G6,1,0),"") | AD6: 1 | AE6: =IF($G6<>"",IF(AD6=$G6,1,0),"") | AF6: x | AG6: =IF($G6<>"",IF(AF6=$G6,1,0),"") | AH6: 1 | AI6: =IF($G6<>"",IF(AH6=$G6,1,0),"") | AJ6: 1 | AK6: =IF($G6<>"",IF(AJ6=$G6,1,0),"") | AL6: X | AM6: =IF($G6<>"",IF(AL6=$G6,1,0),"") | AN6: 1 | AO6: =IF($G6<>"",IF(AN6=$G6,1,0),"") | AP6: 1 | AQ6: =IF($G6<>"",IF(AP6=$G6,1,0),"")
A7: 5 | B7: Sab 13 giu | C7: 21:00 | D7: Girone B | E7: Qatar | F7: Svizzera | H7: 2 | I7: =IF($G7<>"",IF(H7=$G7,1,0),"") | J7: 2 | K7: =IF($G7<>"",IF(J7=$G7,1,0),"") | L7: 1 | M7: =IF($G7<>"",IF(L7=$G7,1,0),"") | N7: 2 | O7: =IF($G7<>"",IF(N7=$G7,1,0),"") | P7: 2 | Q7: =IF($G7<>"",IF(P7=$G7,1,0),"") | R7: 2 | S7: =IF($G7<>"",IF(R7=$G7,1,0),"") | T7: 2 | U7: =IF($G7<>"",IF(T7=$G7,1,0),"") | V7: 2 | W7: =IF($G7<>"",IF(V7=$G7,1,0),"") | X7: 2 | Y7: =IF($G7<>"",IF(X7=$G7,1,0),"") | Z7: 1 | AA7: =IF($G7<>"",IF(Z7=$G7,1,0),"") | AB7: 2 | AC7: =IF($G7<>"",IF(AB7=$G7,1,0),"") | AD7: X | AE7: =IF($G7<>"",IF(AD7=$G7,1,0),"") | AF7: 2 | AG7: =IF($G7<>"",IF(AF7=$G7,1,0),"") | AH7: 2 | AI7: =IF($G7<>"",IF(AH7=$G7,1,0),"") | AJ7: 2 | AK7: =IF($G7<>"",IF(AJ7=$G7,1,0),"") | AL7: 2 | AM7: =IF($G7<>"",IF(AL7=$G7,1,0),"") | AN7: 2 | AO7: =IF($G7<>"",IF(AN7=$G7,1,0),"") | AP7: 2 | AQ7: =IF($G7<>"",IF(AP7=$G7,1,0),"")
A8: 6 | B8: Dom 14 giu | C8: 24:00 | D8: Girone C | E8: Brasile | F8: Marocco | H8: 1 | I8: =IF($G8<>"",IF(H8=$G8,1,0),"") | J8: 1 | K8: =IF($G8<>"",IF(J8=$G8,1,0),"") | L8: 1 | M8: =IF($G8<>"",IF(L8=$G8,1,0),"") | N8: X | O8: =IF($G8<>"",IF(N8=$G8,1,0),"") | P8: X | Q8: =IF($G8<>"",IF(P8=$G8,1,0),"") | R8: X | S8: =IF($G8<>"",IF(R8=$G8,1,0),"") | T8: 1 | U8: =IF($G8<>"",IF(T8=$G8,1,0),"") | V8: X | W8: =IF($G8<>"",IF(V8=$G8,1,0),"") | X8: X | Y8: =IF($G8<>"",IF(X8=$G8,1,0),"") | Z8: 1 | AA8: =IF($G8<>"",IF(Z8=$G8,1,0),"") | AB8: X | AC8: =IF($G8<>"",IF(AB8=$G8,1,0),"") | AD8: 1 | AE8: =IF($G8<>"",IF(AD8=$G8,1,0),"") | AF8: 1 | AG8: =IF($G8<>"",IF(AF8=$G8,1,0),"") | AH8: 1 | AI8: =IF($G8<>"",IF(AH8=$G8,1,0),"") | AJ8: X | AK8: =IF($G8<>"",IF(AJ8=$G8,1,0),"") | AL8: X | AM8: =IF($G8<>"",IF(AL8=$G8,1,0),"") | AN8: 1 | AO8: =IF($G8<>"",IF(AN8=$G8,1,0),"") | AP8: 1 | AQ8: =IF($G8<>"",IF(AP8=$G8,1,0),"")
A9: 7 | B9: Dom 14 giu | C9: 03:00 | D9: Girone C | E9: Haiti | F9: Scozia | H9: 2 | I9: =IF($G9<>"",IF(H9=$G9,1,0),"") | J9: 2 | K9: =IF($G9<>"",IF(J9=$G9,1,0),"") | L9: 2 | M9: =IF($G9<>"",IF(L9=$G9,1,0),"") | N9: 2 | O9: =IF($G9<>"",IF(N9=$G9,1,0),"") | P9: 2 | Q9: =IF($G9<>"",IF(P9=$G9,1,0),"") | R9: 2 | S9: =IF($G9<>"",IF(R9=$G9,1,0),"") | T9: 2 | U9: =IF($G9<>"",IF(T9=$G9,1,0),"") | V9: X | W9: =IF($G9<>"",IF(V9=$G9,1,0),"") | X9: 2 | Y9: =IF($G9<>"",IF(X9=$G9,1,0),"") | Z9: X | AA9: =IF($G9<>"",IF(Z9=$G9,1,0),"") | AB9: 2 | AC9: =IF($G9<>"",IF(AB9=$G9,1,0),"") | AD9: 2 | AE9: =IF($G9<>"",IF(AD9=$G9,1,0),"") | AF9: 2 | AG9: =IF($G9<>"",IF(AF9=$G9,1,0),"") | AH9: 2 | AI9: =IF($G9<>"",IF(AH9=$G9,1,0),"") | AJ9: X | AK9: =IF($G9<>"",IF(AJ9=$G9,1,0),"") | AL9: X | AM9: =IF($G9<>"",IF(AL9=$G9,1,0),"") | AN9: 2 | AO9: =IF($G9<>"",IF(AN9=$G9,1,0),"") | AP9: 2 | AQ9: =IF($G9<>"",IF(AP9=$G9,1,0),"")
A10: 8 | B10: Dom 14 giu | C10: 06:00 | D10: Girone D | E10: Australia | F10: Turchia | H10: 2 | I10: =IF($G10<>"",IF(H10=$G10,1,0),"") | J10: 2 | K10: =IF($G10<>"",IF(J10=$G10,1,0),"") | L10: X | M10: =IF($G10<>"",IF(L10=$G10,1,0),"") | N10: 2 | O10: =IF($G10<>"",IF(N10=$G10,1,0),"") | P10: 2 | Q10: =IF($G10<>"",IF(P10=$G10,1,0),"") | R10: 2 | S10: =IF($G10<>"",IF(R10=$G10,1,0),"") | T10: 2 | U10: =IF($G10<>"",IF(T10=$G10,1,0),"") | V10: 2 | W10: =IF($G10<>"",IF(V10=$G10,1,0),"") | X10: 2 | Y10: =IF($G10<>"",IF(X10=$G10,1,0),"") | Z10: 2 | AA10: =IF($G10<>"",IF(Z10=$G10,1,0),"") | AB10: 2 | AC10: =IF($G10<>"",IF(AB10=$G10,1,0),"") | AD10: X | AE10: =IF($G10<>"",IF(AD10=$G10,1,0),"") | AF10: x | AG10: =IF($G10<>"",IF(AF10=$G10,1,0),"") | AH10: 2 | AI10: =IF($G10<>"",IF(AH10=$G10,1,0),"") | AJ10: 1 | AK10: =IF($G10<>"",IF(AJ10=$G10,1,0),"") | AL10: 1 | AM10: =IF($G10<>"",IF(AL10=$G10,1,0),"") | AN10: 2 | AO10: =IF($G10<>"",IF(AN10=$G10,1,0),"") | AP10: 2 | AQ10: =IF($G10<>"",IF(AP10=$G10,1,0),"")
A11: 9 | B11: Dom 14 giu | C11: 19:00 | D11: Girone E | E11: Germania | F11: Curaçao | H11: 1 | I11: =IF($G11<>"",IF(H11=$G11,1,0),"") | J11: 1 | K11: =IF($G11<>"",IF(J11=$G11,1,0),"") | L11: 1 | M11: =IF($G11<>"",IF(L11=$G11,1,0),"") | N11: 1 | O11: =IF($G11<>"",IF(N11=$G11,1,0),"") | P11: 1 | Q11: =IF($G11<>"",IF(P11=$G11,1,0),"") | R11: 1 | S11: =IF($G11<>"",IF(R11=$G11,1,0),"") | T11: 1 | U11: =IF($G11<>"",IF(T11=$G11,1,0),"") | V11: 1 | W11: =IF($G11<>"",IF(V11=$G11,1,0),"") | X11: 1 | Y11: =IF($G11<>"",IF(X11=$G11,1,0),"") | Z11: 1 | AA11: =IF($G11<>"",IF(Z11=$G11,1,0),"") | AB11: 1 | AC11: =IF($G11<>"",IF(AB11=$G11,1,0),"") | AD11: 1 | AE11: =IF($G11<>"",IF(AD11=$G11,1,0),"") | AF11: 1 | AG11: =IF($G11<>"",IF(AF11=$G11,1,0),"") | AH11: 1 | AI11: =IF($G11<>"",IF(AH11=$G11,1,0),"") | AJ11: 1 | AK11: =IF($G11<>"",IF(AJ11=$G11,1,0),"") | AL11: 1 | AM11: =IF($G11<>"",IF(AL11=$G11,1,0),"") | AN11: 1 | AO11: =IF($G11<>"",IF(AN11=$G11,1,0),"") | AP11: 1 | AQ11: =IF($G11<>"",IF(AP11=$G11,1,0),"")
A12: 10 | B12: Dom 14 giu | C12: 22:00 | D12: Girone F | E12: Paesi Bassi | F12: Giappone | H12: 1 | I12: =IF($G12<>"",IF(H12=$G12,1,0),"") | J12: 1 | K12: =IF($G12<>"",IF(J12=$G12,1,0),"") | L12: 1 | M12: =IF($G12<>"",IF(L12=$G12,1,0),"") | N12: 2 | O12: =IF($G12<>"",IF(N12=$G12,1,0),"") | P12: X | Q12: =IF($G12<>"",IF(P12=$G12,1,0),"") | R12: 1 | S12: =IF($G12<>"",IF(R12=$G12,1,0),"") | T12: 1 | U12: =IF($G12<>"",IF(T12=$G12,1,0),"") | V12: 1 | W12: =IF($G12<>"",IF(V12=$G12,1,0),"") | X12: 1 | Y12: =IF($G12<>"",IF(X12=$G12,1,0),"") | Z12: 1 | AA12: =IF($G12<>"",IF(Z12=$G12,1,0),"") | AB12: 2 | AC12: =IF($G12<>"",IF(AB12=$G12,1,0),"") | AD12: 1 | AE12: =IF($G12<>"",IF(AD12=$G12,1,0),"") | AF12: 1 | AG12: =IF($G12<>"",IF(AF12=$G12,1,0),"") | AH12: 1 | AI12: =IF($G12<>"",IF(AH12=$G12,1,0),"") | AJ12: 1 | AK12: =IF($G12<>"",IF(AJ12=$G12,1,0),"") | AL12: 1 | AM12: =IF($G12<>"",IF(AL12=$G12,1,0),"") | AN12: 1 | AO12: =IF($G12<>"",IF(AN12=$G12,1,0),"") | AP12: 1 | AQ12: =IF($G12<>"",IF(AP12=$G12,1,0),"")
A13: 11 | B13: Lun 15 giu | C13: 01:00 | D13: Girone E | E13: Costa d'Avorio | F13: Ecuador | H13: 1 | I13: =IF($G13<>"",IF(H13=$G13,1,0),"") | J13: X | K13: =IF($G13<>"",IF(J13=$G13,1,0),"") | L13: X | M13: =IF($G13<>"",IF(L13=$G13,1,0),"") | N13: 1 | O13: =IF($G13<>"",IF(N13=$G13,1,0),"") | P13: X | Q13: =IF($G13<>"",IF(P13=$G13,1,0),"") | R13: X | S13: =IF($G13<>"",IF(R13=$G13,1,0),"") | T13: 2 | U13: =IF($G13<>"",IF(T13=$G13,1,0),"") | V13: 1 | W13: =IF($G13<>"",IF(V13=$G13,1,0),"") | X13: 2 | Y13: =IF($G13<>"",IF(X13=$G13,1,0),"") | Z13: X | AA13: =IF($G13<>"",IF(Z13=$G13,1,0),"") | AB13: 1 | AC13: =IF($G13<>"",IF(AB13=$G13,1,0),"") | AD13: X | AE13: =IF($G13<>"",IF(AD13=$G13,1,0),"") | AF13: 1 | AG13: =IF($G13<>"",IF(AF13=$G13,1,0),"") | AH13: X | AI13: =IF($G13<>"",IF(AH13=$G13,1,0),"") | AJ13: 1 | AK13: =IF($G13<>"",IF(AJ13=$G13,1,0),"") | AL13: 2 | AM13: =IF($G13<>"",IF(AL13=$G13,1,0),"") | AN13: 1 | AO13: =IF($G13<>"",IF(AN13=$G13,1,0),"") | AP13: 2 | AQ13: =IF($G13<>"",IF(AP13=$G13,1,0),"")
A14: 12 | B14: Lun 15 giu | C14: 04:00 | D14: Girone F | E14: Svezia | F14: Tunisia | H14: X | I14: =IF($G14<>"",IF(H14=$G14,1,0),"") | J14: 1 | K14: =IF($G14<>"",IF(J14=$G14,1,0),"") | L14: X | M14: =IF($G14<>"",IF(L14=$G14,1,0),"") | N14: X | O14: =IF($G14<>"",IF(N14=$G14,1,0),"") | P14: 1 | Q14: =IF($G14<>"",IF(P14=$G14,1,0),"") | R14: 1 | S14: =IF($G14<>"",IF(R14=$G14,1,0),"") | T14: 1 | U14: =IF($G14<>"",IF(T14=$G14,1,0),"") | V14: 1 | W14: =IF($G14<>"",IF(V14=$G14,1,0),"") | X14: 1 | Y14: =IF($G14<>"",IF(X14=$G14,1,0),"") | Z14: 1 | AA14: =IF($G14<>"",IF(Z14=$G14,1,0),"") | AB14: 1 | AC14: =IF($G14<>"",IF(AB14=$G14,1,0),"") | AD14: X | AE14: =IF($G14<>"",IF(AD14=$G14,1,0),"") | AF14: 1 | AG14: =IF($G14<>"",IF(AF14=$G14,1,0),"") | AH14: 1 | AI14: =IF($G14<>"",IF(AH14=$G14,1,0),"") | AJ14: 2 | AK14: =IF($G14<>"",IF(AJ14=$G14,1,0),"") | AL14: 1 | AM14: =IF($G14<>"",IF(AL14=$G14,1,0),"") | AN14: 1 | AO14: =IF($G14<>"",IF(AN14=$G14,1,0),"") | AP14: 2 | AQ14: =IF($G14<>"",IF(AP14=$G14,1,0),"")
A15: 13 | B15: Lun 15 giu | C15: 18:00 | D15: Girone H | E15: Spagna | F15: Capo Verde | H15: 1 | I15: =IF($G15<>"",IF(H15=$G15,1,0),"") | J15: 1 | K15: =IF($G15<>"",IF(J15=$G15,1,0),"") | L15: 1 | M15: =IF($G15<>"",IF(L15=$G15,1,0),"") | N15: 1 | O15: =IF($G15<>"",IF(N15=$G15,1,0),"") | P15: 1 | Q15: =IF($G15<>"",IF(P15=$G15,1,0),"") | R15: 1 | S15: =IF($G15<>"",IF(R15=$G15,1,0),"") | T15: 1 | U15: =IF($G15<>"",IF(T15=$G15,1,0),"") | V15: 1 | W15: =IF($G15<>"",IF(V15=$G15,1,0),"") | X15: 1 | Y15: =IF($G15<>"",IF(X15=$G15,1,0),"") | Z15: 1 | AA15: =IF($G15<>"",IF(Z15=$G15,1,0),"") | AB15: 1 | AC15: =IF($G15<>"",IF(AB15=$G15,1,0),"") | AD15: 1 | AE15: =IF($G15<>"",IF(AD15=$G15,1,0),"") | AF15: 1 | AG15: =IF($G15<>"",IF(AF15=$G15,1,0),"") | AH15: 1 | AI15: =IF($G15<>"",IF(AH15=$G15,1,0),"") | AJ15: 1 | AK15: =IF($G15<>"",IF(AJ15=$G15,1,0),"") | AL15: 1 | AM15: =IF($G15<>"",IF(AL15=$G15,1,0),"") | AN15: 1 | AO15: =IF($G15<>"",IF(AN15=$G15,1,0),"") | AP15: 1 | AQ15: =IF($G15<>"",IF(AP15=$G15,1,0),"")
A16: 14 | B16: Lun 15 giu | C16: 21:00 | D16: Girone G | E16: Belgio | F16: Egitto | H16: 1 | I16: =IF($G16<>"",IF(H16=$G16,1,0),"") | J16: 1 | K16: =IF($G16<>"",IF(J16=$G16,1,0),"") | L16: X | M16: =IF($G16<>"",IF(L16=$G16,1,0),"") | N16: 2 | O16: =IF($G16<>"",IF(N16=$G16,1,0),"") | P16: 1 | Q16: =IF($G16<>"",IF(P16=$G16,1,0),"") | R16: 1 | S16: =IF($G16<>"",IF(R16=$G16,1,0),"") | T16: 1 | U16: =IF($G16<>"",IF(T16=$G16,1,0),"") | V16: 1 | W16: =IF($G16<>"",IF(V16=$G16,1,0),"") | X16: 1 | Y16: =IF($G16<>"",IF(X16=$G16,1,0),"") | Z16: 1 | AA16: =IF($G16<>"",IF(Z16=$G16,1,0),"") | AB16: 1 | AC16: =IF($G16<>"",IF(AB16=$G16,1,0),"") | AD16: X | AE16: =IF($G16<>"",IF(AD16=$G16,1,0),"") | AF16: 1 | AG16: =IF($G16<>"",IF(AF16=$G16,1,0),"") | AH16: 1 | AI16: =IF($G16<>"",IF(AH16=$G16,1,0),"") | AJ16: X | AK16: =IF($G16<>"",IF(AJ16=$G16,1,0),"") | AL16: X | AM16: =IF($G16<>"",IF(AL16=$G16,1,0),"") | AN16: 1 | AO16: =IF($G16<>"",IF(AN16=$G16,1,0),"") | AP16: 1 | AQ16: =IF($G16<>"",IF(AP16=$G16,1,0),"")
A17: 15 | B17: Mar 16 giu | C17: 24:00 | D17: Girone H | E17: Arabia Saudita | F17: Uruguay | H17: 2 | I17: =IF($G17<>"",IF(H17=$G17,1,0),"") | J17: 2 | K17: =IF($G17<>"",IF(J17=$G17,1,0),"") | L17: X | M17: =IF($G17<>"",IF(L17=$G17,1,0),"") | N17: 2 | O17: =IF($G17<>"",IF(N17=$G17,1,0),"") | P17: 2 | Q17: =IF($G17<>"",IF(P17=$G17,1,0),"") | R17: 2 | S17: =IF($G17<>"",IF(R17=$G17,1,0),"") | T17: X | U17: =IF($G17<>"",IF(T17=$G17,1,0),"") | V17: 2 | W17: =IF($G17<>"",IF(V17=$G17,1,0),"") | X17: 2 | Y17: =IF($G17<>"",IF(X17=$G17,1,0),"") | Z17: 1 | AA17: =IF($G17<>"",IF(Z17=$G17,1,0),"") | AB17: 2 | AC17: =IF($G17<>"",IF(AB17=$G17,1,0),"") | AD17: X | AE17: =IF($G17<>"",IF(AD17=$G17,1,0),"") | AF17: 2 | AG17: =IF($G17<>"",IF(AF17=$G17,1,0),"") | AH17: 2 | AI17: =IF($G17<>"",IF(AH17=$G17,1,0),"") | AJ17: 2 | AK17: =IF($G17<>"",IF(AJ17=$G17,1,0),"") | AL17: X | AM17: =IF($G17<>"",IF(AL17=$G17,1,0),"") | AN17: 2 | AO17: =IF($G17<>"",IF(AN17=$G17,1,0),"") | AP17: 2 | AQ17: =IF($G17<>"",IF(AP17=$G17,1,0),"")
A18: 16 | B18: Mar 16 giu | C18: 03:00 | D18: Girone G | E18: Iran | F18: Nuova Zelanda | H18: 1 | I18: =IF($G18<>"",IF(H18=$G18,1,0),"") | J18: X | K18: =IF($G18<>"",IF(J18=$G18,1,0),"") | L18: X | M18: =IF($G18<>"",IF(L18=$G18,1,0),"") | N18: X | O18: =IF($G18<>"",IF(N18=$G18,1,0),"") | P18: X | Q18: =IF($G18<>"",IF(P18=$G18,1,0),"") | R18: X | S18: =IF($G18<>"",IF(R18=$G18,1,0),"") | T18: X | U18: =IF($G18<>"",IF(T18=$G18,1,0),"") | V18: 1 | W18: =IF($G18<>"",IF(V18=$G18,1,0),"") | X18: 1 | Y18: =IF($G18<>"",IF(X18=$G18,1,0),"") | Z18: 2 | AA18: =IF($G18<>"",IF(Z18=$G18,1,0),"") | AB18: X | AC18: =IF($G18<>"",IF(AB18=$G18,1,0),"") | AD18: 1 | AE18: =IF($G18<>"",IF(AD18=$G18,1,0),"") | AF18: x | AG18: =IF($G18<>"",IF(AF18=$G18,1,0),"") | AH18: 1 | AI18: =IF($G18<>"",IF(AH18=$G18,1,0),"") | AJ18: 1 | AK18: =IF($G18<>"",IF(AJ18=$G18,1,0),"") | AL18: 1 | AM18: =IF($G18<>"",IF(AL18=$G18,1,0),"") | AN18: 2 | AO18: =IF($G18<>"",IF(AN18=$G18,1,0),"") | AP18: 1 | AQ18: =IF($G18<>"",IF(AP18=$G18,1,0),"")
A19: 17 | B19: Mar 16 giu | C19: 21:00 | D19: Girone I | E19: Francia | F19: Senegal | H19: 1 | I19: =IF($G19<>"",IF(H19=$G19,1,0),"") | J19: 1 | K19: =IF($G19<>"",IF(J19=$G19,1,0),"") | L19: 1 | M19: =IF($G19<>"",IF(L19=$G19,1,0),"") | N19: X | O19: =IF($G19<>"",IF(N19=$G19,1,0),"") | P19: 1 | Q19: =IF($G19<>"",IF(P19=$G19,1,0),"") | R19: 1 | S19: =IF($G19<>"",IF(R19=$G19,1,0),"") | T19: 1 | U19: =IF($G19<>"",IF(T19=$G19,1,0),"") | V19: X | W19: =IF($G19<>"",IF(V19=$G19,1,0),"") | X19: 1 | Y19: =IF($G19<>"",IF(X19=$G19,1,0),"") | Z19: 1 | AA19: =IF($G19<>"",IF(Z19=$G19,1,0),"") | AB19: 1 | AC19: =IF($G19<>"",IF(AB19=$G19,1,0),"") | AD19: 1 | AE19: =IF($G19<>"",IF(AD19=$G19,1,0),"") | AF19: 1 | AG19: =IF($G19<>"",IF(AF19=$G19,1,0),"") | AH19: 1 | AI19: =IF($G19<>"",IF(AH19=$G19,1,0),"") | AJ19: 2 | AK19: =IF($G19<>"",IF(AJ19=$G19,1,0),"") | AL19: 1 | AM19: =IF($G19<>"",IF(AL19=$G19,1,0),"") | AN19: 1 | AO19: =IF($G19<>"",IF(AN19=$G19,1,0),"") | AP19: 1 | AQ19: =IF($G19<>"",IF(AP19=$G19,1,0),"")
A20: 18 | B20: Mer 17 giu | C20: 24:00 | D20: Girone I | E20: Iraq | F20: Norvegia | H20: 2 | I20: =IF($G20<>"",IF(H20=$G20,1,0),"") | J20: 2 | K20: =IF($G20<>"",IF(J20=$G20,1,0),"") | L20: 2 | M20: =IF($G20<>"",IF(L20=$G20,1,0),"") | N20: 2 | O20: =IF($G20<>"",IF(N20=$G20,1,0),"") | P20: 2 | Q20: =IF($G20<>"",IF(P20=$G20,1,0),"") | R20: 2 | S20: =IF($G20<>"",IF(R20=$G20,1,0),"") | T20: 2 | U20: =IF($G20<>"",IF(T20=$G20,1,0),"") | V20: 2 | W20: =IF($G20<>"",IF(V20=$G20,1,0),"") | X20: 2 | Y20: =IF($G20<>"",IF(X20=$G20,1,0),"") | Z20: 2 | AA20: =IF($G20<>"",IF(Z20=$G20,1,0),"") | AB20: 2 | AC20: =IF($G20<>"",IF(AB20=$G20,1,0),"") | AD20: X | AE20: =IF($G20<>"",IF(AD20=$G20,1,0),"") | AF20: 2 | AG20: =IF($G20<>"",IF(AF20=$G20,1,0),"") | AH20: 2 | AI20: =IF($G20<>"",IF(AH20=$G20,1,0),"") | AJ20: 2 | AK20: =IF($G20<>"",IF(AJ20=$G20,1,0),"") | AL20: 2 | AM20: =IF($G20<>"",IF(AL20=$G20,1,0),"") | AN20: 2 | AO20: =IF($G20<>"",IF(AN20=$G20,1,0),"") | AP20: 2 | AQ20: =IF($G20<>"",IF(AP20=$G20,1,0),"")
A21: 19 | B21: Mer 17 giu | C21: 03:00 | D21: Girone J | E21: Argentina | F21: Algeria | H21: 1 | I21: =IF($G21<>"",IF(H21=$G21,1,0),"") | J21: 1 | K21: =IF($G21<>"",IF(J21=$G21,1,0),"") | L21: 1 | M21: =IF($G21<>"",IF(L21=$G21,1,0),"") | N21: 1 | O21: =IF($G21<>"",IF(N21=$G21,1,0),"") | P21: 1 | Q21: =IF($G21<>"",IF(P21=$G21,1,0),"") | R21: 1 | S21: =IF($G21<>"",IF(R21=$G21,1,0),"") | T21: 1 | U21: =IF($G21<>"",IF(T21=$G21,1,0),"") | V21: X | W21: =IF($G21<>"",IF(V21=$G21,1,0),"") | X21: 1 | Y21: =IF($G21<>"",IF(X21=$G21,1,0),"") | Z21: 1 | AA21: =IF($G21<>"",IF(Z21=$G21,1,0),"") | AB21: 1 | AC21: =IF($G21<>"",IF(AB21=$G21,1,0),"") | AD21: 1 | AE21: =IF($G21<>"",IF(AD21=$G21,1,0),"") | AF21: 1 | AG21: =IF($G21<>"",IF(AF21=$G21,1,0),"") | AH21: 1 | AI21: =IF($G21<>"",IF(AH21=$G21,1,0),"") | AJ21: 1 | AK21: =IF($G21<>"",IF(AJ21=$G21,1,0),"") | AL21: 1 | AM21: =IF($G21<>"",IF(AL21=$G21,1,0),"") | AN21: 1 | AO21: =IF($G21<>"",IF(AN21=$G21,1,0),"") | AP21: 1 | AQ21: =IF($G21<>"",IF(AP21=$G21,1,0),"")
A22: 20 | B22: Mer 17 giu | C22: 06:00 | D22: Girone J | E22: Austria | F22: Giordania | H22: X | I22: =IF($G22<>"",IF(H22=$G22,1,0),"") | J22: 1 | K22: =IF($G22<>"",IF(J22=$G22,1,0),"") | L22: X | M22: =IF($G22<>"",IF(L22=$G22,1,0),"") | N22: 1 | O22: =IF($G22<>"",IF(N22=$G22,1,0),"") | P22: 1 | Q22: =IF($G22<>"",IF(P22=$G22,1,0),"") | R22: 1 | S22: =IF($G22<>"",IF(R22=$G22,1,0),"") | T22: 1 | U22: =IF($G22<>"",IF(T22=$G22,1,0),"") | V22: 1 | W22: =IF($G22<>"",IF(V22=$G22,1,0),"") | X22: 1 | Y22: =IF($G22<>"",IF(X22=$G22,1,0),"") | Z22: 1 | AA22: =IF($G22<>"",IF(Z22=$G22,1,0),"") | AB22: X | AC22: =IF($G22<>"",IF(AB22=$G22,1,0),"") | AD22: X | AE22: =IF($G22<>"",IF(AD22=$G22,1,0),"") | AF22: 1 | AG22: =IF($G22<>"",IF(AF22=$G22,1,0),"") | AH22: 1 | AI22: =IF($G22<>"",IF(AH22=$G22,1,0),"") | AJ22: 1 | AK22: =IF($G22<>"",IF(AJ22=$G22,1,0),"") | AL22: X | AM22: =IF($G22<>"",IF(AL22=$G22,1,0),"") | AN22: 1 | AO22: =IF($G22<>"",IF(AN22=$G22,1,0),"") | AP22: 1 | AQ22: =IF($G22<>"",IF(AP22=$G22,1,0),"")
A23: 21 | B23: Mer 17 giu | C23: 19:00 | D23: Girone K | E23: Portogallo | F23: R. D. del Congo | H23: 1 | I23: =IF($G23<>"",IF(H23=$G23,1,0),"") | J23: 1 | K23: =IF($G23<>"",IF(J23=$G23,1,0),"") | L23: 1 | M23: =IF($G23<>"",IF(L23=$G23,1,0),"") | N23: 1 | O23: =IF($G23<>"",IF(N23=$G23,1,0),"") | P23: 1 | Q23: =IF($G23<>"",IF(P23=$G23,1,0),"") | R23: 1 | S23: =IF($G23<>"",IF(R23=$G23,1,0),"") | T23: 1 | U23: =IF($G23<>"",IF(T23=$G23,1,0),"") | V23: 1 | W23: =IF($G23<>"",IF(V23=$G23,1,0),"") | X23: 1 | Y23: =IF($G23<>"",IF(X23=$G23,1,0),"") | Z23: 1 | AA23: =IF($G23<>"",IF(Z23=$G23,1,0),"") | AB23: 1 | AC23: =IF($G23<>"",IF(AB23=$G23,1,0),"") | AD23: 1 | AE23: =IF($G23<>"",IF(AD23=$G23,1,0),"") | AF23: 1 | AG23: =IF($G23<>"",IF(AF23=$G23,1,0),"") | AH23: 1 | AI23: =IF($G23<>"",IF(AH23=$G23,1,0),"") | AJ23: 1 | AK23: =IF($G23<>"",IF(AJ23=$G23,1,0),"") | AL23: 1 | AM23: =IF($G23<>"",IF(AL23=$G23,1,0),"") | AN23: 1 | AO23: =IF($G23<>"",IF(AN23=$G23,1,0),"") | AP23: 1 | AQ23: =IF($G23<>"",IF(AP23=$G23,1,0),"")
A24: 22 | B24: Mer 17 giu | C24: 22:00 | D24: Girone L | E24: Inghilterra | F24: Croazia | H24: 1 | I24: =IF($G24<>"",IF(H24=$G24,1,0),"") | J24: 1 | K24: =IF($G24<>"",IF(J24=$G24,1,0),"") | L24: 1 | M24: =IF($G24<>"",IF(L24=$G24,1,0),"") | N24: X | O24: =IF($G24<>"",IF(N24=$G24,1,0),"") | P24: X | Q24: =IF($G24<>"",IF(P24=$G24,1,0),"") | R24: 1 | S24: =IF($G24<>"",IF(R24=$G24,1,0),"") | T24: 1 | U24: =IF($G24<>"",IF(T24=$G24,1,0),"") | V24: X | W24: =IF($G24<>"",IF(V24=$G24,1,0),"") | X24: X | Y24: =IF($G24<>"",IF(X24=$G24,1,0),"") | Z24: 1 | AA24: =IF($G24<>"",IF(Z24=$G24,1,0),"") | AB24: X | AC24: =IF($G24<>"",IF(AB24=$G24,1,0),"") | AD24: 1 | AE24: =IF($G24<>"",IF(AD24=$G24,1,0),"") | AF24: x | AG24: =IF($G24<>"",IF(AF24=$G24,1,0),"") | AH24: 1 | AI24: =IF($G24<>"",IF(AH24=$G24,1,0),"") | AJ24: X | AK24: =IF($G24<>"",IF(AJ24=$G24,1,0),"") | AL24: 2 | AM24: =IF($G24<>"",IF(AL24=$G24,1,0),"") | AN24: X | AO24: =IF($G24<>"",IF(AN24=$G24,1,0),"") | AP24: 1 | AQ24: =IF($G24<>"",IF(AP24=$G24,1,0),"")
A25: 23 | B25: Gio 18 giu | C25: 01:00 | D25: Girone L | E25: Ghana | F25: Panama | H25: X | I25: =IF($G25<>"",IF(H25=$G25,1,0),"") | J25: 1 | K25: =IF($G25<>"",IF(J25=$G25,1,0),"") | L25: X | M25: =IF($G25<>"",IF(L25=$G25,1,0),"") | N25: 1 | O25: =IF($G25<>"",IF(N25=$G25,1,0),"") | P25: X | Q25: =IF($G25<>"",IF(P25=$G25,1,0),"") | R25: 1 | S25: =IF($G25<>"",IF(R25=$G25,1,0),"") | T25: 1 | U25: =IF($G25<>"",IF(T25=$G25,1,0),"") | V25: 1 | W25: =IF($G25<>"",IF(V25=$G25,1,0),"") | X25: 1 | Y25: =IF($G25<>"",IF(X25=$G25,1,0),"") | Z25: X | AA25: =IF($G25<>"",IF(Z25=$G25,1,0),"") | AB25: 1 | AC25: =IF($G25<>"",IF(AB25=$G25,1,0),"") | AD25: X | AE25: =IF($G25<>"",IF(AD25=$G25,1,0),"") | AF25: 2 | AG25: =IF($G25<>"",IF(AF25=$G25,1,0),"") | AH25: X | AI25: =IF($G25<>"",IF(AH25=$G25,1,0),"") | AJ25: 1 | AK25: =IF($G25<>"",IF(AJ25=$G25,1,0),"") | AL25: 1 | AM25: =IF($G25<>"",IF(AL25=$G25,1,0),"") | AN25: 1 | AO25: =IF($G25<>"",IF(AN25=$G25,1,0),"") | AP25: 2 | AQ25: =IF($G25<>"",IF(AP25=$G25,1,0),"")
A26: 24 | B26: Gio 18 giu | C26: 04:00 | D26: Girone K | E26: Uzbekistan | F26: Colombia | H26: 1 | I26: =IF($G26<>"",IF(H26=$G26,1,0),"") | J26: 2 | K26: =IF($G26<>"",IF(J26=$G26,1,0),"") | L26: 2 | M26: =IF($G26<>"",IF(L26=$G26,1,0),"") | N26: X | O26: =IF($G26<>"",IF(N26=$G26,1,0),"") | P26: 2 | Q26: =IF($G26<>"",IF(P26=$G26,1,0),"") | R26: 2 | S26: =IF($G26<>"",IF(R26=$G26,1,0),"") | T26: 2 | U26: =IF($G26<>"",IF(T26=$G26,1,0),"") | V26: 1 | W26: =IF($G26<>"",IF(V26=$G26,1,0),"") | X26: 2 | Y26: =IF($G26<>"",IF(X26=$G26,1,0),"") | Z26: 2 | AA26: =IF($G26<>"",IF(Z26=$G26,1,0),"") | AB26: 1 | AC26: =IF($G26<>"",IF(AB26=$G26,1,0),"") | AD26: 1 | AE26: =IF($G26<>"",IF(AD26=$G26,1,0),"") | AF26: 1 | AG26: =IF($G26<>"",IF(AF26=$G26,1,0),"") | AH26: 2 | AI26: =IF($G26<>"",IF(AH26=$G26,1,0),"") | AJ26: 2 | AK26: =IF($G26<>"",IF(AJ26=$G26,1,0),"") | AL26: 2 | AM26: =IF($G26<>"",IF(AL26=$G26,1,0),"") | AN26: 2 | AO26: =IF($G26<>"",IF(AN26=$G26,1,0),"") | AP26: 2 | AQ26: =IF($G26<>"",IF(AP26=$G26,1,0),"")
A27: 25 | B27: Gio 18 giu | C27: 18:00 | D27: Girone A | E27: Repubblica Ceca | F27: Sudafrica | H27: 1 | I27: =IF($G27<>"",IF(H27=$G27,1,0),"") | J27: 1 | K27: =IF($G27<>"",IF(J27=$G27,1,0),"") | L27: 2 | M27: =IF($G27<>"",IF(L27=$G27,1,0),"") | N27: 2 | O27: =IF($G27<>"",IF(N27=$G27,1,0),"") | P27: 1 | Q27: =IF($G27<>"",IF(P27=$G27,1,0),"") | R27: X | S27: =IF($G27<>"",IF(R27=$G27,1,0),"") | T27: X | U27: =IF($G27<>"",IF(T27=$G27,1,0),"") | V27: 1 | W27: =IF($G27<>"",IF(V27=$G27,1,0),"") | X27: 1 | Y27: =IF($G27<>"",IF(X27=$G27,1,0),"") | Z27: 2 | AA27: =IF($G27<>"",IF(Z27=$G27,1,0),"") | AB27: X | AC27: =IF($G27<>"",IF(AB27=$G27,1,0),"") | AD27: X | AE27: =IF($G27<>"",IF(AD27=$G27,1,0),"") | AF27: 2 | AG27: =IF($G27<>"",IF(AF27=$G27,1,0),"") | AH27: 1 | AI27: =IF($G27<>"",IF(AH27=$G27,1,0),"") | AJ27: 2 | AK27: =IF($G27<>"",IF(AJ27=$G27,1,0),"") | AL27: 1 | AM27: =IF($G27<>"",IF(AL27=$G27,1,0),"") | AN27: 1 | AO27: =IF($G27<>"",IF(AN27=$G27,1,0),"") | AP27: 1 | AQ27: =IF($G27<>"",IF(AP27=$G27,1,0),"")
A28: 26 | B28: Gio 18 giu | C28: 21:00 | D28: Girone B | E28: Svizzera | F28: Bosnia-Erzegovina | H28: 2 | I28: =IF($G28<>"",IF(H28=$G28,1,0),"") | J28: X | K28: =IF($G28<>"",IF(J28=$G28,1,0),"") | L28: 1 | M28: =IF($G28<>"",IF(L28=$G28,1,0),"") | N28: 1 | O28: =IF($G28<>"",IF(N28=$G28,1,0),"") | P28: 1 | Q28: =IF($G28<>"",IF(P28=$G28,1,0),"") | R28: X | S28: =IF($G28<>"",IF(R28=$G28,1,0),"") | T28: 1 | U28: =IF($G28<>"",IF(T28=$G28,1,0),"") | V28: X | W28: =IF($G28<>"",IF(V28=$G28,1,0),"") | X28: 1 | Y28: =IF($G28<>"",IF(X28=$G28,1,0),"") | Z28: 1 | AA28: =IF($G28<>"",IF(Z28=$G28,1,0),"") | AB28: 1 | AC28: =IF($G28<>"",IF(AB28=$G28,1,0),"") | AD28: X | AE28: =IF($G28<>"",IF(AD28=$G28,1,0),"") | AF28: 1 | AG28: =IF($G28<>"",IF(AF28=$G28,1,0),"") | AH28: 1 | AI28: =IF($G28<>"",IF(AH28=$G28,1,0),"") | AJ28: 1 | AK28: =IF($G28<>"",IF(AJ28=$G28,1,0),"") | AL28: 1 | AM28: =IF($G28<>"",IF(AL28=$G28,1,0),"") | AN28: 2 | AO28: =IF($G28<>"",IF(AN28=$G28,1,0),"") | AP28: 1 | AQ28: =IF($G28<>"",IF(AP28=$G28,1,0),"")
A29: 27 | B29: Ven 19 giu | C29: 24:00 | D29: Girone B | E29: Canada | F29: Qatar | H29: X | I29: =IF($G29<>"",IF(H29=$G29,1,0),"") | J29: 1 | K29: =IF($G29<>"",IF(J29=$G29,1,0),"") | L29: 1 | M29: =IF($G29<>"",IF(L29=$G29,1,0),"") | N29: 2 | O29: =IF($G29<>"",IF(N29=$G29,1,0),"") | P29: 1 | Q29: =IF($G29<>"",IF(P29=$G29,1,0),"") | R29: 1 | S29: =IF($G29<>"",IF(R29=$G29,1,0),"") | T29: 1 | U29: =IF($G29<>"",IF(T29=$G29,1,0),"") | V29: 1 | W29: =IF($G29<>"",IF(V29=$G29,1,0),"") | X29: 1 | Y29: =IF($G29<>"",IF(X29=$G29,1,0),"") | Z29: X | AA29: =IF($G29<>"",IF(Z29=$G29,1,0),"") | AB29: 1 | AC29: =IF($G29<>"",IF(AB29=$G29,1,0),"") | AD29: X | AE29: =IF($G29<>"",IF(AD29=$G29,1,0),"") | AF29: 1 | AG29: =IF($G29<>"",IF(AF29=$G29,1,0),"") | AH29: 1 | AI29: =IF($G29<>"",IF(AH29=$G29,1,0),"") | AJ29: 1 | AK29: =IF($G29<>"",IF(AJ29=$G29,1,0),"") | AL29: 1 | AM29: =IF($G29<>"",IF(AL29=$G29,1,0),"") | AN29: 1 | AO29: =IF($G29<>"",IF(AN29=$G29,1,0),"") | AP29: 1 | AQ29: =IF($G29<>"",IF(AP29=$G29,1,0),"")
A30: 28 | B30: Ven 19 giu | C30: 03:00 | D30: Girone A | E30: Messico | F30: Corea del Sud | H30: X | I30: =IF($G30<>"",IF(H30=$G30,1,0),"") | J30: X | K30: =IF($G30<>"",IF(J30=$G30,1,0),"") | L30: 1 | M30: =IF($G30<>"",IF(L30=$G30,1,0),"") | N30: 1 | O30: =IF($G30<>"",IF(N30=$G30,1,0),"") | P30: 1 | Q30: =IF($G30<>"",IF(P30=$G30,1,0),"") | R30: 2 | S30: =IF($G30<>"",IF(R30=$G30,1,0),"") | T30: 1 | U30: =IF($G30<>"",IF(T30=$G30,1,0),"") | V30: X | W30: =IF($G30<>"",IF(V30=$G30,1,0),"") | X30: 1 | Y30: =IF($G30<>"",IF(X30=$G30,1,0),"") | Z30: 1 | AA30: =IF($G30<>"",IF(Z30=$G30,1,0),"") | AB30: X | AC30: =IF($G30<>"",IF(AB30=$G30,1,0),"") | AD30: 1 | AE30: =IF($G30<>"",IF(AD30=$G30,1,0),"") | AF30: x | AG30: =IF($G30<>"",IF(AF30=$G30,1,0),"") | AH30: 1 | AI30: =IF($G30<>"",IF(AH30=$G30,1,0),"") | AJ30: 1 | AK30: =IF($G30<>"",IF(AJ30=$G30,1,0),"") | AL30: X | AM30: =IF($G30<>"",IF(AL30=$G30,1,0),"") | AN30: 1 | AO30: =IF($G30<>"",IF(AN30=$G30,1,0),"") | AP30: 1 | AQ30: =IF($G30<>"",IF(AP30=$G30,1,0),"")
A31: 29 | B31: Ven 19 giu | C31: 21:00 | D31: Girone D | E31: Stati Uniti | F31: Australia | H31: 1 | I31: =IF($G31<>"",IF(H31=$G31,1,0),"") | J31: X | K31: =IF($G31<>"",IF(J31=$G31,1,0),"") | L31: 1 | M31: =IF($G31<>"",IF(L31=$G31,1,0),"") | N31: X | O31: =IF($G31<>"",IF(N31=$G31,1,0),"") | P31: 1 | Q31: =IF($G31<>"",IF(P31=$G31,1,0),"") | R31: 1 | S31: =IF($G31<>"",IF(R31=$G31,1,0),"") | T31: 1 | U31: =IF($G31<>"",IF(T31=$G31,1,0),"") | V31: 1 | W31: =IF($G31<>"",IF(V31=$G31,1,0),"") | X31: 1 | Y31: =IF($G31<>"",IF(X31=$G31,1,0),"") | Z31: X | AA31: =IF($G31<>"",IF(Z31=$G31,1,0),"") | AB31: 2 | AC31: =IF($G31<>"",IF(AB31=$G31,1,0),"") | AD31: 1 | AE31: =IF($G31<>"",IF(AD31=$G31,1,0),"") | AF31: 2 | AG31: =IF($G31<>"",IF(AF31=$G31,1,0),"") | AH31: 1 | AI31: =IF($G31<>"",IF(AH31=$G31,1,0),"") | AJ31: 1 | AK31: =IF($G31<>"",IF(AJ31=$G31,1,0),"") | AL31: 1 | AM31: =IF($G31<>"",IF(AL31=$G31,1,0),"") | AN31: 1 | AO31: =IF($G31<>"",IF(AN31=$G31,1,0),"") | AP31: 1 | AQ31: =IF($G31<>"",IF(AP31=$G31,1,0),"")
A32: 30 | B32: Sab 20 giu | C32: 24:00 | D32: Girone C | E32: Scozia | F32: Marocco | H32: 2 | I32: =IF($G32<>"",IF(H32=$G32,1,0),"") | J32: 2 | K32: =IF($G32<>"",IF(J32=$G32,1,0),"") | L32: 1 | M32: =IF($G32<>"",IF(L32=$G32,1,0),"") | N32: 2 | O32: =IF($G32<>"",IF(N32=$G32,1,0),"") | P32: 2 | Q32: =IF($G32<>"",IF(P32=$G32,1,0),"") | R32: X | S32: =IF($G32<>"",IF(R32=$G32,1,0),"") | T32: 2 | U32: =IF($G32<>"",IF(T32=$G32,1,0),"") | V32: 2 | W32: =IF($G32<>"",IF(V32=$G32,1,0),"") | X32: 1 | Y32: =IF($G32<>"",IF(X32=$G32,1,0),"") | Z32: X | AA32: =IF($G32<>"",IF(Z32=$G32,1,0),"") | AB32: 2 | AC32: =IF($G32<>"",IF(AB32=$G32,1,0),"") | AD32: 2 | AE32: =IF($G32<>"",IF(AD32=$G32,1,0),"") | AF32: 2 | AG32: =IF($G32<>"",IF(AF32=$G32,1,0),"") | AH32: 2 | AI32: =IF($G32<>"",IF(AH32=$G32,1,0),"") | AJ32: 2 | AK32: =IF($G32<>"",IF(AJ32=$G32,1,0),"") | AL32: 2 | AM32: =IF($G32<>"",IF(AL32=$G32,1,0),"") | AN32: 2 | AO32: =IF($G32<>"",IF(AN32=$G32,1,0),"") | AP32: 2 | AQ32: =IF($G32<>"",IF(AP32=$G32,1,0),"")
A33: 31 | B33: Sab 20 giu | C33: 02:30 | D33: Girone C | E33: Brasile | F33: Haiti | H33: 1 | I33: =IF($G33<>"",IF(H33=$G33,1,0),"") | J33: 1 | K33: =IF($G33<>"",IF(J33=$G33,1,0),"") | L33: 1 | M33: =IF($G33<>"",IF(L33=$G33,1,0),"") | N33: 1 | O33: =IF($G33<>"",IF(N33=$G33,1,0),"") | P33: 1 | Q33: =IF($G33<>"",IF(P33=$G33,1,0),"") | R33: 1 | S33: =IF($G33<>"",IF(R33=$G33,1,0),"") | T33: 1 | U33: =IF($G33<>"",IF(T33=$G33,1,0),"") | V33: 1 | W33: =IF($G33<>"",IF(V33=$G33,1,0),"") | X33: 1 | Y33: =IF($G33<>"",IF(X33=$G33,1,0),"") | Z33: 1 | AA33: =IF($G33<>"",IF(Z33=$G33,1,0),"") | AB33: 1 | AC33: =IF($G33<>"",IF(AB33=$G33,1,0),"") | AD33: 1 | AE33: =IF($G33<>"",IF(AD33=$G33,1,0),"") | AF33: 1 | AG33: =IF($G33<>"",IF(AF33=$G33,1,0),"") | AH33: 1 | AI33: =IF($G33<>"",IF(AH33=$G33,1,0),"") | AJ33: 1 | AK33: =IF($G33<>"",IF(AJ33=$G33,1,0),"") | AL33: 1 | AM33: =IF($G33<>"",IF(AL33=$G33,1,0),"") | AN33: 1 | AO33: =IF($G33<>"",IF(AN33=$G33,1,0),"") | AP33: 1 | AQ33: =IF($G33<>"",IF(AP33=$G33,1,0),"")
A34: 32 | B34: Sab 20 giu | C34: 05:00 | D34: Girone D | E34: Turchia | F34: Paraguay | H34: 1 | I34: =IF($G34<>"",IF(H34=$G34,1,0),"") | J34: 1 | K34: =IF($G34<>"",IF(J34=$G34,1,0),"") | L34: 2 | M34: =IF($G34<>"",IF(L34=$G34,1,0),"") | N34: 1 | O34: =IF($G34<>"",IF(N34=$G34,1,0),"") | P34: X | Q34: =IF($G34<>"",IF(P34=$G34,1,0),"") | R34: 1 | S34: =IF($G34<>"",IF(R34=$G34,1,0),"") | T34: 1 | U34: =IF($G34<>"",IF(T34=$G34,1,0),"") | V34: 1 | W34: =IF($G34<>"",IF(V34=$G34,1,0),"") | X34: 1 | Y34: =IF($G34<>"",IF(X34=$G34,1,0),"") | Z34: X | AA34: =IF($G34<>"",IF(Z34=$G34,1,0),"") | AB34: 1 | AC34: =IF($G34<>"",IF(AB34=$G34,1,0),"") | AD34: 2 | AE34: =IF($G34<>"",IF(AD34=$G34,1,0),"") | AF34: 1 | AG34: =IF($G34<>"",IF(AF34=$G34,1,0),"") | AH34: X | AI34: =IF($G34<>"",IF(AH34=$G34,1,0),"") | AJ34: X | AK34: =IF($G34<>"",IF(AJ34=$G34,1,0),"") | AL34: 1 | AM34: =IF($G34<>"",IF(AL34=$G34,1,0),"") | AN34: 1 | AO34: =IF($G34<>"",IF(AN34=$G34,1,0),"") | AP34: 1 | AQ34: =IF($G34<>"",IF(AP34=$G34,1,0),"")
A35: 33 | B35: Sab 20 giu | C35: 19:00 | D35: Girone F | E35: Paesi Bassi | F35: Svezia | H35: 1 | I35: =IF($G35<>"",IF(H35=$G35,1,0),"") | J35: 1 | K35: =IF($G35<>"",IF(J35=$G35,1,0),"") | L35: X | M35: =IF($G35<>"",IF(L35=$G35,1,0),"") | N35: 2 | O35: =IF($G35<>"",IF(N35=$G35,1,0),"") | P35: 1 | Q35: =IF($G35<>"",IF(P35=$G35,1,0),"") | R35: 1 | S35: =IF($G35<>"",IF(R35=$G35,1,0),"") | T35: X | U35: =IF($G35<>"",IF(T35=$G35,1,0),"") | V35: X | W35: =IF($G35<>"",IF(V35=$G35,1,0),"") | X35: 1 | Y35: =IF($G35<>"",IF(X35=$G35,1,0),"") | Z35: X | AA35: =IF($G35<>"",IF(Z35=$G35,1,0),"") | AB35: 1 | AC35: =IF($G35<>"",IF(AB35=$G35,1,0),"") | AD35: 1 | AE35: =IF($G35<>"",IF(AD35=$G35,1,0),"") | AF35: 1 | AG35: =IF($G35<>"",IF(AF35=$G35,1,0),"") | AH35: 1 | AI35: =IF($G35<>"",IF(AH35=$G35,1,0),"") | AJ35: X | AK35: =IF($G35<>"",IF(AJ35=$G35,1,0),"") | AL35: X | AM35: =IF($G35<>"",IF(AL35=$G35,1,0),"") | AN35: 1 | AO35: =IF($G35<>"",IF(AN35=$G35,1,0),"") | AP35: 1 | AQ35: =IF($G35<>"",IF(AP35=$G35,1,0),"")
A36: 34 | B36: Sab 20 giu | C36: 22:00 | D36: Girone E | E36: Germania | F36: Costa d'Avorio | H36: 1 | I36: =IF($G36<>"",IF(H36=$G36,1,0),"") | J36: 1 | K36: =IF($G36<>"",IF(J36=$G36,1,0),"") | L36: 1 | M36: =IF($G36<>"",IF(L36=$G36,1,0),"") | N36: 1 | O36: =IF($G36<>"",IF(N36=$G36,1,0),"") | P36: 1 | Q36: =IF($G36<>"",IF(P36=$G36,1,0),"") | R36: 1 | S36: =IF($G36<>"",IF(R36=$G36,1,0),"") | T36: 1 | U36: =IF($G36<>"",IF(T36=$G36,1,0),"") | V36: 1 | W36: =IF($G36<>"",IF(V36=$G36,1,0),"") | X36: 1 | Y36: =IF($G36<>"",IF(X36=$G36,1,0),"") | Z36: 1 | AA36: =IF($G36<>"",IF(Z36=$G36,1,0),"") | AB36: 1 | AC36: =IF($G36<>"",IF(AB36=$G36,1,0),"") | AD36: 1 | AE36: =IF($G36<>"",IF(AD36=$G36,1,0),"") | AF36: 1 | AG36: =IF($G36<>"",IF(AF36=$G36,1,0),"") | AH36: 1 | AI36: =IF($G36<>"",IF(AH36=$G36,1,0),"") | AJ36: X | AK36: =IF($G36<>"",IF(AJ36=$G36,1,0),"") | AL36: 1 | AM36: =IF($G36<>"",IF(AL36=$G36,1,0),"") | AN36: 2 | AO36: =IF($G36<>"",IF(AN36=$G36,1,0),"") | AP36: 1 | AQ36: =IF($G36<>"",IF(AP36=$G36,1,0),"")
A37: 35 | B37: Dom 21 giu | C37: 02:00 | D37: Girone E | E37: Ecuador | F37: Curaçao | H37: X | I37: =IF($G37<>"",IF(H37=$G37,1,0),"") | J37: 1 | K37: =IF($G37<>"",IF(J37=$G37,1,0),"") | L37: X | M37: =IF($G37<>"",IF(L37=$G37,1,0),"") | N37: 1 | O37: =IF($G37<>"",IF(N37=$G37,1,0),"") | P37: 1 | Q37: =IF($G37<>"",IF(P37=$G37,1,0),"") | R37: 1 | S37: =IF($G37<>"",IF(R37=$G37,1,0),"") | T37: 1 | U37: =IF($G37<>"",IF(T37=$G37,1,0),"") | V37: 1 | W37: =IF($G37<>"",IF(V37=$G37,1,0),"") | X37: 1 | Y37: =IF($G37<>"",IF(X37=$G37,1,0),"") | Z37: X | AA37: =IF($G37<>"",IF(Z37=$G37,1,0),"") | AB37: 2 | AC37: =IF($G37<>"",IF(AB37=$G37,1,0),"") | AD37: X | AE37: =IF($G37<>"",IF(AD37=$G37,1,0),"") | AF37: x | AG37: =IF($G37<>"",IF(AF37=$G37,1,0),"") | AH37: 1 | AI37: =IF($G37<>"",IF(AH37=$G37,1,0),"") | AJ37: 1 | AK37: =IF($G37<>"",IF(AJ37=$G37,1,0),"") | AL37: X | AM37: =IF($G37<>"",IF(AL37=$G37,1,0),"") | AN37: 1 | AO37: =IF($G37<>"",IF(AN37=$G37,1,0),"") | AP37: 1 | AQ37: =IF($G37<>"",IF(AP37=$G37,1,0),"")
A38: 36 | B38: Dom 21 giu | C38: 06:00 | D38: Girone F | E38: Tunisia | F38: Giappone | H38: 2 | I38: =IF($G38<>"",IF(H38=$G38,1,0),"") | J38: 2 | K38: =IF($G38<>"",IF(J38=$G38,1,0),"") | L38: 2 | M38: =IF($G38<>"",IF(L38=$G38,1,0),"") | N38: X | O38: =IF($G38<>"",IF(N38=$G38,1,0),"") | P38: 2 | Q38: =IF($G38<>"",IF(P38=$G38,1,0),"") | R38: 2 | S38: =IF($G38<>"",IF(R38=$G38,1,0),"") | T38: 2 | U38: =IF($G38<>"",IF(T38=$G38,1,0),"") | V38: X | W38: =IF($G38<>"",IF(V38=$G38,1,0),"") | X38: 2 | Y38: =IF($G38<>"",IF(X38=$G38,1,0),"") | Z38: 2 | AA38: =IF($G38<>"",IF(Z38=$G38,1,0),"") | AB38: 2 | AC38: =IF($G38<>"",IF(AB38=$G38,1,0),"") | AD38: X | AE38: =IF($G38<>"",IF(AD38=$G38,1,0),"") | AF38: 2 | AG38: =IF($G38<>"",IF(AF38=$G38,1,0),"") | AH38: 2 | AI38: =IF($G38<>"",IF(AH38=$G38,1,0),"") | AJ38: 2 | AK38: =IF($G38<>"",IF(AJ38=$G38,1,0),"") | AL38: 2 | AM38: =IF($G38<>"",IF(AL38=$G38,1,0),"") | AN38: X | AO38: =IF($G38<>"",IF(AN38=$G38,1,0),"") | AP38: 2 | AQ38: =IF($G38<>"",IF(AP38=$G38,1,0),"")
A39: 37 | B39: Dom 21 giu | C39: 18:00 | D39: Girone H | E39: Spagna | F39: Arabia Saudita | H39: 1 | I39: =IF($G39<>"",IF(H39=$G39,1,0),"") | J39: 1 | K39: =IF($G39<>"",IF(J39=$G39,1,0),"") | L39: 1 | M39: =IF($G39<>"",IF(L39=$G39,1,0),"") | N39: 1 | O39: =IF($G39<>"",IF(N39=$G39,1,0),"") | P39: 1 | Q39: =IF($G39<>"",IF(P39=$G39,1,0),"") | R39: 1 | S39: =IF($G39<>"",IF(R39=$G39,1,0),"") | T39: 1 | U39: =IF($G39<>"",IF(T39=$G39,1,0),"") | V39: 1 | W39: =IF($G39<>"",IF(V39=$G39,1,0),"") | X39: 1 | Y39: =IF($G39<>"",IF(X39=$G39,1,0),"") | Z39: 1 | AA39: =IF($G39<>"",IF(Z39=$G39,1,0),"") | AB39: 1 | AC39: =IF($G39<>"",IF(AB39=$G39,1,0),"") | AD39: 1 | AE39: =IF($G39<>"",IF(AD39=$G39,1,0),"") | AF39: 1 | AG39: =IF($G39<>"",IF(AF39=$G39,1,0),"") | AH39: 1 | AI39: =IF($G39<>"",IF(AH39=$G39,1,0),"") | AJ39: 1 | AK39: =IF($G39<>"",IF(AJ39=$G39,1,0),"") | AL39: 1 | AM39: =IF($G39<>"",IF(AL39=$G39,1,0),"") | AN39: 1 | AO39: =IF($G39<>"",IF(AN39=$G39,1,0),"") | AP39: 1 | AQ39: =IF($G39<>"",IF(AP39=$G39,1,0),"")
A40: 38 | B40: Dom 21 giu | C40: 21:00 | D40: Girone G | E40: Belgio | F40: Iran | H40: 1 | I40: =IF($G40<>"",IF(H40=$G40,1,0),"") | J40: 1 | K40: =IF($G40<>"",IF(J40=$G40,1,0),"") | L40: 1 | M40: =IF($G40<>"",IF(L40=$G40,1,0),"") | N40: 1 | O40: =IF($G40<>"",IF(N40=$G40,1,0),"") | P40: 1 | Q40: =IF($G40<>"",IF(P40=$G40,1,0),"") | R40: 1 | S40: =IF($G40<>"",IF(R40=$G40,1,0),"") | T40: 1 | U40: =IF($G40<>"",IF(T40=$G40,1,0),"") | V40: 1 | W40: =IF($G40<>"",IF(V40=$G40,1,0),"") | X40: 1 | Y40: =IF($G40<>"",IF(X40=$G40,1,0),"") | Z40: 1 | AA40: =IF($G40<>"",IF(Z40=$G40,1,0),"") | AB40: 1 | AC40: =IF($G40<>"",IF(AB40=$G40,1,0),"") | AD40: X | AE40: =IF($G40<>"",IF(AD40=$G40,1,0),"") | AF40: 1 | AG40: =IF($G40<>"",IF(AF40=$G40,1,0),"") | AH40: 1 | AI40: =IF($G40<>"",IF(AH40=$G40,1,0),"") | AJ40: 1 | AK40: =IF($G40<>"",IF(AJ40=$G40,1,0),"") | AL40: 1 | AM40: =IF($G40<>"",IF(AL40=$G40,1,0),"") | AN40: 1 | AO40: =IF($G40<>"",IF(AN40=$G40,1,0),"") | AP40: 1 | AQ40: =IF($G40<>"",IF(AP40=$G40,1,0),"")
A41: 39 | B41: Lun 22 giu | C41: 24:00 | D41: Girone H | E41: Uruguay | F41: Capo Verde | H41: 1 | I41: =IF($G41<>"",IF(H41=$G41,1,0),"") | J41: 1 | K41: =IF($G41<>"",IF(J41=$G41,1,0),"") | L41: 1 | M41: =IF($G41<>"",IF(L41=$G41,1,0),"") | N41: 1 | O41: =IF($G41<>"",IF(N41=$G41,1,0),"") | P41: 1 | Q41: =IF($G41<>"",IF(P41=$G41,1,0),"") | R41: 1 | S41: =IF($G41<>"",IF(R41=$G41,1,0),"") | T41: 1 | U41: =IF($G41<>"",IF(T41=$G41,1,0),"") | V41: 1 | W41: =IF($G41<>"",IF(V41=$G41,1,0),"") | X41: 1 | Y41: =IF($G41<>"",IF(X41=$G41,1,0),"") | Z41: 1 | AA41: =IF($G41<>"",IF(Z41=$G41,1,0),"") | AB41: 1 | AC41: =IF($G41<>"",IF(AB41=$G41,1,0),"") | AD41: 2 | AE41: =IF($G41<>"",IF(AD41=$G41,1,0),"") | AF41: 1 | AG41: =IF($G41<>"",IF(AF41=$G41,1,0),"") | AH41: 1 | AI41: =IF($G41<>"",IF(AH41=$G41,1,0),"") | AJ41: 1 | AK41: =IF($G41<>"",IF(AJ41=$G41,1,0),"") | AL41: 1 | AM41: =IF($G41<>"",IF(AL41=$G41,1,0),"") | AN41: 1 | AO41: =IF($G41<>"",IF(AN41=$G41,1,0),"") | AP41: 1 | AQ41: =IF($G41<>"",IF(AP41=$G41,1,0),"")
A42: 40 | B42: Lun 22 giu | C42: 03:00 | D42: Girone G | E42: Nuova Zelanda | F42: Egitto | H42: 2 | I42: =IF($G42<>"",IF(H42=$G42,1,0),"") | J42: 2 | K42: =IF($G42<>"",IF(J42=$G42,1,0),"") | L42: 2 | M42: =IF($G42<>"",IF(L42=$G42,1,0),"") | N42: 2 | O42: =IF($G42<>"",IF(N42=$G42,1,0),"") | P42: 2 | Q42: =IF($G42<>"",IF(P42=$G42,1,0),"") | R42: X | S42: =IF($G42<>"",IF(R42=$G42,1,0),"") | T42: 2 | U42: =IF($G42<>"",IF(T42=$G42,1,0),"") | V42: X | W42: =IF($G42<>"",IF(V42=$G42,1,0),"") | X42: 2 | Y42: =IF($G42<>"",IF(X42=$G42,1,0),"") | Z42: 1 | AA42: =IF($G42<>"",IF(Z42=$G42,1,0),"") | AB42: X | AC42: =IF($G42<>"",IF(AB42=$G42,1,0),"") | AD42: X | AE42: =IF($G42<>"",IF(AD42=$G42,1,0),"") | AF42: 2 | AG42: =IF($G42<>"",IF(AF42=$G42,1,0),"") | AH42: 2 | AI42: =IF($G42<>"",IF(AH42=$G42,1,0),"") | AJ42: 2 | AK42: =IF($G42<>"",IF(AJ42=$G42,1,0),"") | AL42: 2 | AM42: =IF($G42<>"",IF(AL42=$G42,1,0),"") | AN42: 2 | AO42: =IF($G42<>"",IF(AN42=$G42,1,0),"") | AP42: 2 | AQ42: =IF($G42<>"",IF(AP42=$G42,1,0),"")
A43: 41 | B43: Lun 22 giu | C43: 19:00 | D43: Girone J | E43: Argentina | F43: Austria | H43: 1 | I43: =IF($G43<>"",IF(H43=$G43,1,0),"") | J43: 1 | K43: =IF($G43<>"",IF(J43=$G43,1,0),"") | L43: 1 | M43: =IF($G43<>"",IF(L43=$G43,1,0),"") | N43: 1 | O43: =IF($G43<>"",IF(N43=$G43,1,0),"") | P43: 1 | Q43: =IF($G43<>"",IF(P43=$G43,1,0),"") | R43: 1 | S43: =IF($G43<>"",IF(R43=$G43,1,0),"") | T43: 1 | U43: =IF($G43<>"",IF(T43=$G43,1,0),"") | V43: X | W43: =IF($G43<>"",IF(V43=$G43,1,0),"") | X43: 1 | Y43: =IF($G43<>"",IF(X43=$G43,1,0),"") | Z43: 1 | AA43: =IF($G43<>"",IF(Z43=$G43,1,0),"") | AB43: 1 | AC43: =IF($G43<>"",IF(AB43=$G43,1,0),"") | AD43: 1 | AE43: =IF($G43<>"",IF(AD43=$G43,1,0),"") | AF43: 1 | AG43: =IF($G43<>"",IF(AF43=$G43,1,0),"") | AH43: 1 | AI43: =IF($G43<>"",IF(AH43=$G43,1,0),"") | AJ43: 1 | AK43: =IF($G43<>"",IF(AJ43=$G43,1,0),"") | AL43: X | AM43: =IF($G43<>"",IF(AL43=$G43,1,0),"") | AN43: 1 | AO43: =IF($G43<>"",IF(AN43=$G43,1,0),"") | AP43: 1 | AQ43: =IF($G43<>"",IF(AP43=$G43,1,0),"")
A44: 42 | B44: Lun 22 giu | C44: 23:00 | D44: Girone I | E44: Francia | F44: Iraq | H44: 1 | I44: =IF($G44<>"",IF(H44=$G44,1,0),"") | J44: 1 | K44: =IF($G44<>"",IF(J44=$G44,1,0),"") | L44: 1 | M44: =IF($G44<>"",IF(L44=$G44,1,0),"") | N44: 1 | O44: =IF($G44<>"",IF(N44=$G44,1,0),"") | P44: 1 | Q44: =IF($G44<>"",IF(P44=$G44,1,0),"") | R44: 1 | S44: =IF($G44<>"",IF(R44=$G44,1,0),"") | T44: 1 | U44: =IF($G44<>"",IF(T44=$G44,1,0),"") | V44: 1 | W44: =IF($G44<>"",IF(V44=$G44,1,0),"") | X44: 1 | Y44: =IF($G44<>"",IF(X44=$G44,1,0),"") | Z44: X | AA44: =IF($G44<>"",IF(Z44=$G44,1,0),"") | AB44: 1 | AC44: =IF($G44<>"",IF(AB44=$G44,1,0),"") | AD44: 1 | AE44: =IF($G44<>"",IF(AD44=$G44,1,0),"") | AF44: 1 | AG44: =IF($G44<>"",IF(AF44=$G44,1,0),"") | AH44: 1 | AI44: =IF($G44<>"",IF(AH44=$G44,1,0),"") | AJ44: 1 | AK44: =IF($G44<>"",IF(AJ44=$G44,1,0),"") | AL44: 1 | AM44: =IF($G44<>"",IF(AL44=$G44,1,0),"") | AN44: 1 | AO44: =IF($G44<>"",IF(AN44=$G44,1,0),"") | AP44: 1 | AQ44: =IF($G44<>"",IF(AP44=$G44,1,0),"")
A45: 43 | B45: Mar 23 giu | C45: 02:00 | D45: Girone I | E45: Norvegia | F45: Senegal | H45: 1 | I45: =IF($G45<>"",IF(H45=$G45,1,0),"") | J45: 1 | K45: =IF($G45<>"",IF(J45=$G45,1,0),"") | L45: 1 | M45: =IF($G45<>"",IF(L45=$G45,1,0),"") | N45: X | O45: =IF($G45<>"",IF(N45=$G45,1,0),"") | P45: X | Q45: =IF($G45<>"",IF(P45=$G45,1,0),"") | R45: 1 | S45: =IF($G45<>"",IF(R45=$G45,1,0),"") | T45: 1 | U45: =IF($G45<>"",IF(T45=$G45,1,0),"") | V45: X | W45: =IF($G45<>"",IF(V45=$G45,1,0),"") | X45: 2 | Y45: =IF($G45<>"",IF(X45=$G45,1,0),"") | Z45: 2 | AA45: =IF($G45<>"",IF(Z45=$G45,1,0),"") | AB45: X | AC45: =IF($G45<>"",IF(AB45=$G45,1,0),"") | AD45: 1 | AE45: =IF($G45<>"",IF(AD45=$G45,1,0),"") | AF45: 1 | AG45: =IF($G45<>"",IF(AF45=$G45,1,0),"") | AH45: 1 | AI45: =IF($G45<>"",IF(AH45=$G45,1,0),"") | AJ45: 1 | AK45: =IF($G45<>"",IF(AJ45=$G45,1,0),"") | AL45: 1 | AM45: =IF($G45<>"",IF(AL45=$G45,1,0),"") | AN45: X | AO45: =IF($G45<>"",IF(AN45=$G45,1,0),"") | AP45: 1 | AQ45: =IF($G45<>"",IF(AP45=$G45,1,0),"")
A46: 44 | B46: Mar 23 giu | C46: 05:00 | D46: Girone J | E46: Giordania | F46: Algeria | H46: 2 | I46: =IF($G46<>"",IF(H46=$G46,1,0),"") | J46: X | K46: =IF($G46<>"",IF(J46=$G46,1,0),"") | L46: 2 | M46: =IF($G46<>"",IF(L46=$G46,1,0),"") | N46: 2 | O46: =IF($G46<>"",IF(N46=$G46,1,0),"") | P46: 2 | Q46: =IF($G46<>"",IF(P46=$G46,1,0),"") | R46: 2 | S46: =IF($G46<>"",IF(R46=$G46,1,0),"") | T46: 2 | U46: =IF($G46<>"",IF(T46=$G46,1,0),"") | V46: 2 | W46: =IF($G46<>"",IF(V46=$G46,1,0),"") | X46: 2 | Y46: =IF($G46<>"",IF(X46=$G46,1,0),"") | Z46: X | AA46: =IF($G46<>"",IF(Z46=$G46,1,0),"") | AB46: 2 | AC46: =IF($G46<>"",IF(AB46=$G46,1,0),"") | AD46: X | AE46: =IF($G46<>"",IF(AD46=$G46,1,0),"") | AF46: 2 | AG46: =IF($G46<>"",IF(AF46=$G46,1,0),"") | AH46: 2 | AI46: =IF($G46<>"",IF(AH46=$G46,1,0),"") | AJ46: 2 | AK46: =IF($G46<>"",IF(AJ46=$G46,1,0),"") | AL46: 2 | AM46: =IF($G46<>"",IF(AL46=$G46,1,0),"") | AN46: 2 | AO46: =IF($G46<>"",IF(AN46=$G46,1,0),"") | AP46: 2 | AQ46: =IF($G46<>"",IF(AP46=$G46,1,0),"")
A47: 45 | B47: Mar 23 giu | C47: 19:00 | D47: Girone K | E47: Portogallo | F47: Uzbekistan | H47: 1 | I47: =IF($G47<>"",IF(H47=$G47,1,0),"") | J47: 1 | K47: =IF($G47<>"",IF(J47=$G47,1,0),"") | L47: 1 | M47: =IF($G47<>"",IF(L47=$G47,1,0),"") | N47: 1 | O47: =IF($G47<>"",IF(N47=$G47,1,0),"") | P47: 1 | Q47: =IF($G47<>"",IF(P47=$G47,1,0),"") | R47: 1 | S47: =IF($G47<>"",IF(R47=$G47,1,0),"") | T47: 1 | U47: =IF($G47<>"",IF(T47=$G47,1,0),"") | V47: X | W47: =IF($G47<>"",IF(V47=$G47,1,0),"") | X47: 1 | Y47: =IF($G47<>"",IF(X47=$G47,1,0),"") | Z47: 1 | AA47: =IF($G47<>"",IF(Z47=$G47,1,0),"") | AB47: 1 | AC47: =IF($G47<>"",IF(AB47=$G47,1,0),"") | AD47: 1 | AE47: =IF($G47<>"",IF(AD47=$G47,1,0),"") | AF47: 1 | AG47: =IF($G47<>"",IF(AF47=$G47,1,0),"") | AH47: 1 | AI47: =IF($G47<>"",IF(AH47=$G47,1,0),"") | AJ47: 1 | AK47: =IF($G47<>"",IF(AJ47=$G47,1,0),"") | AL47: X | AM47: =IF($G47<>"",IF(AL47=$G47,1,0),"") | AN47: 1 | AO47: =IF($G47<>"",IF(AN47=$G47,1,0),"") | AP47: 1 | AQ47: =IF($G47<>"",IF(AP47=$G47,1,0),"")
A48: 46 | B48: Mar 23 giu | C48: 22:00 | D48: Girone L | E48: Inghilterra | F48: Ghana | H48: 1 | I48: =IF($G48<>"",IF(H48=$G48,1,0),"") | J48: 1 | K48: =IF($G48<>"",IF(J48=$G48,1,0),"") | L48: 1 | M48: =IF($G48<>"",IF(L48=$G48,1,0),"") | N48: 1 | O48: =IF($G48<>"",IF(N48=$G48,1,0),"") | P48: 1 | Q48: =IF($G48<>"",IF(P48=$G48,1,0),"") | R48: 1 | S48: =IF($G48<>"",IF(R48=$G48,1,0),"") | T48: 1 | U48: =IF($G48<>"",IF(T48=$G48,1,0),"") | V48: X | W48: =IF($G48<>"",IF(V48=$G48,1,0),"") | X48: 1 | Y48: =IF($G48<>"",IF(X48=$G48,1,0),"") | Z48: 1 | AA48: =IF($G48<>"",IF(Z48=$G48,1,0),"") | AB48: 2 | AC48: =IF($G48<>"",IF(AB48=$G48,1,0),"") | AD48: 1 | AE48: =IF($G48<>"",IF(AD48=$G48,1,0),"") | AF48: 1 | AG48: =IF($G48<>"",IF(AF48=$G48,1,0),"") | AH48: 1 | AI48: =IF($G48<>"",IF(AH48=$G48,1,0),"") | AJ48: X | AK48: =IF($G48<>"",IF(AJ48=$G48,1,0),"") | AL48: 1 | AM48: =IF($G48<>"",IF(AL48=$G48,1,0),"") | AN48: 1 | AO48: =IF($G48<>"",IF(AN48=$G48,1,0),"") | AP48: 1 | AQ48: =IF($G48<>"",IF(AP48=$G48,1,0),"")
A49: 47 | B49: Mer 24 giu | C49: 01:00 | D49: Girone L | E49: Panama | F49: Croazia | H49: 2 | I49: =IF($G49<>"",IF(H49=$G49,1,0),"") | J49: 2 | K49: =IF($G49<>"",IF(J49=$G49,1,0),"") | L49: X | M49: =IF($G49<>"",IF(L49=$G49,1,0),"") | N49: 2 | O49: =IF($G49<>"",IF(N49=$G49,1,0),"") | P49: 2 | Q49: =IF($G49<>"",IF(P49=$G49,1,0),"") | R49: 2 | S49: =IF($G49<>"",IF(R49=$G49,1,0),"") | T49: 2 | U49: =IF($G49<>"",IF(T49=$G49,1,0),"") | V49: 2 | W49: =IF($G49<>"",IF(V49=$G49,1,0),"") | X49: 2 | Y49: =IF($G49<>"",IF(X49=$G49,1,0),"") | Z49: X | AA49: =IF($G49<>"",IF(Z49=$G49,1,0),"") | AB49: 2 | AC49: =IF($G49<>"",IF(AB49=$G49,1,0),"") | AD49: X | AE49: =IF($G49<>"",IF(AD49=$G49,1,0),"") | AF49: 2 | AG49: =IF($G49<>"",IF(AF49=$G49,1,0),"") | AH49: 2 | AI49: =IF($G49<>"",IF(AH49=$G49,1,0),"") | AJ49: 2 | AK49: =IF($G49<>"",IF(AJ49=$G49,1,0),"") | AL49: 2 | AM49: =IF($G49<>"",IF(AL49=$G49,1,0),"") | AN49: 2 | AO49: =IF($G49<>"",IF(AN49=$G49,1,0),"") | AP49: 2 | AQ49: =IF($G49<>"",IF(AP49=$G49,1,0),"")
A50: 48 | B50: Mer 24 giu | C50: 04:00 | D50: Girone K | E50: Colombia | F50: R. D. del Congo | H50: X | I50: =IF($G50<>"",IF(H50=$G50,1,0),"") | J50: 1 | K50: =IF($G50<>"",IF(J50=$G50,1,0),"") | L50: X | M50: =IF($G50<>"",IF(L50=$G50,1,0),"") | N50: X | O50: =IF($G50<>"",IF(N50=$G50,1,0),"") | P50: 1 | Q50: =IF($G50<>"",IF(P50=$G50,1,0),"") | R50: 1 | S50: =IF($G50<>"",IF(R50=$G50,1,0),"") | T50: 1 | U50: =IF($G50<>"",IF(T50=$G50,1,0),"") | V50: 1 | W50: =IF($G50<>"",IF(V50=$G50,1,0),"") | X50: 1 | Y50: =IF($G50<>"",IF(X50=$G50,1,0),"") | Z50: X | AA50: =IF($G50<>"",IF(Z50=$G50,1,0),"") | AB50: X | AC50: =IF($G50<>"",IF(AB50=$G50,1,0),"") | AD50: X | AE50: =IF($G50<>"",IF(AD50=$G50,1,0),"") | AF50: 1 | AG50: =IF($G50<>"",IF(AF50=$G50,1,0),"") | AH50: 1 | AI50: =IF($G50<>"",IF(AH50=$G50,1,0),"") | AJ50: 1 | AK50: =IF($G50<>"",IF(AJ50=$G50,1,0),"") | AL50: 1 | AM50: =IF($G50<>"",IF(AL50=$G50,1,0),"") | AN50: 1 | AO50: =IF($G50<>"",IF(AN50=$G50,1,0),"") | AP50: 1 | AQ50: =IF($G50<>"",IF(AP50=$G50,1,0),"")
A51: 49 | B51: Mer 24 giu | C51: 21:00 | D51: Girone B | E51: Svizzera | F51: Canada | H51: 1 | I51: =IF($G51<>"",IF(H51=$G51,1,0),"") | J51: X | K51: =IF($G51<>"",IF(J51=$G51,1,0),"") | L51: 2 | M51: =IF($G51<>"",IF(L51=$G51,1,0),"") | N51: 1 | O51: =IF($G51<>"",IF(N51=$G51,1,0),"") | P51: X | Q51: =IF($G51<>"",IF(P51=$G51,1,0),"") | R51: 1 | S51: =IF($G51<>"",IF(R51=$G51,1,0),"") | T51: 1 | U51: =IF($G51<>"",IF(T51=$G51,1,0),"") | V51: X | W51: =IF($G51<>"",IF(V51=$G51,1,0),"") | X51: 1 | Y51: =IF($G51<>"",IF(X51=$G51,1,0),"") | Z51: X | AA51: =IF($G51<>"",IF(Z51=$G51,1,0),"") | AB51: X | AC51: =IF($G51<>"",IF(AB51=$G51,1,0),"") | AD51: 2 | AE51: =IF($G51<>"",IF(AD51=$G51,1,0),"") | AF51: x | AG51: =IF($G51<>"",IF(AF51=$G51,1,0),"") | AH51: X | AI51: =IF($G51<>"",IF(AH51=$G51,1,0),"") | AJ51: X | AK51: =IF($G51<>"",IF(AJ51=$G51,1,0),"") | AL51: 1 | AM51: =IF($G51<>"",IF(AL51=$G51,1,0),"") | AN51: X | AO51: =IF($G51<>"",IF(AN51=$G51,1,0),"") | AP51: 2 | AQ51: =IF($G51<>"",IF(AP51=$G51,1,0),"")
A52: 50 | B52: Mer 24 giu | C52: 21:00 | D52: Girone B | E52: Bosnia-Erzegovina | F52: Qatar | H52: 1 | I52: =IF($G52<>"",IF(H52=$G52,1,0),"") | J52: 1 | K52: =IF($G52<>"",IF(J52=$G52,1,0),"") | L52: 2 | M52: =IF($G52<>"",IF(L52=$G52,1,0),"") | N52: 1 | O52: =IF($G52<>"",IF(N52=$G52,1,0),"") | P52: 1 | Q52: =IF($G52<>"",IF(P52=$G52,1,0),"") | R52: 1 | S52: =IF($G52<>"",IF(R52=$G52,1,0),"") | T52: X | U52: =IF($G52<>"",IF(T52=$G52,1,0),"") | V52: 1 | W52: =IF($G52<>"",IF(V52=$G52,1,0),"") | X52: 1 | Y52: =IF($G52<>"",IF(X52=$G52,1,0),"") | Z52: 2 | AA52: =IF($G52<>"",IF(Z52=$G52,1,0),"") | AB52: 1 | AC52: =IF($G52<>"",IF(AB52=$G52,1,0),"") | AD52: X | AE52: =IF($G52<>"",IF(AD52=$G52,1,0),"") | AF52: 1 | AG52: =IF($G52<>"",IF(AF52=$G52,1,0),"") | AH52: 1 | AI52: =IF($G52<>"",IF(AH52=$G52,1,0),"") | AJ52: X | AK52: =IF($G52<>"",IF(AJ52=$G52,1,0),"") | AL52: 1 | AM52: =IF($G52<>"",IF(AL52=$G52,1,0),"") | AN52: 1 | AO52: =IF($G52<>"",IF(AN52=$G52,1,0),"") | AP52: 1 | AQ52: =IF($G52<>"",IF(AP52=$G52,1,0),"")
A53: 51 | B53: Gio 25 giu | C53: 24:00 | D53: Girone C | E53: Marocco | F53: Haiti | H53: 1 | I53: =IF($G53<>"",IF(H53=$G53,1,0),"") | J53: 1 | K53: =IF($G53<>"",IF(J53=$G53,1,0),"") | L53: 1 | M53: =IF($G53<>"",IF(L53=$G53,1,0),"") | N53: 1 | O53: =IF($G53<>"",IF(N53=$G53,1,0),"") | P53: 1 | Q53: =IF($G53<>"",IF(P53=$G53,1,0),"") | R53: 1 | S53: =IF($G53<>"",IF(R53=$G53,1,0),"") | T53: 1 | U53: =IF($G53<>"",IF(T53=$G53,1,0),"") | V53: 1 | W53: =IF($G53<>"",IF(V53=$G53,1,0),"") | X53: 1 | Y53: =IF($G53<>"",IF(X53=$G53,1,0),"") | Z53: 1 | AA53: =IF($G53<>"",IF(Z53=$G53,1,0),"") | AB53: 1 | AC53: =IF($G53<>"",IF(AB53=$G53,1,0),"") | AD53: X | AE53: =IF($G53<>"",IF(AD53=$G53,1,0),"") | AF53: 1 | AG53: =IF($G53<>"",IF(AF53=$G53,1,0),"") | AH53: 1 | AI53: =IF($G53<>"",IF(AH53=$G53,1,0),"") | AJ53: 1 | AK53: =IF($G53<>"",IF(AJ53=$G53,1,0),"") | AL53: 1 | AM53: =IF($G53<>"",IF(AL53=$G53,1,0),"") | AN53: 1 | AO53: =IF($G53<>"",IF(AN53=$G53,1,0),"") | AP53: 1 | AQ53: =IF($G53<>"",IF(AP53=$G53,1,0),"")
A54: 52 | B54: Gio 25 giu | C54: 24:00 | D54: Girone C | E54: Scozia | F54: Brasile | H54: 2 | I54: =IF($G54<>"",IF(H54=$G54,1,0),"") | J54: 2 | K54: =IF($G54<>"",IF(J54=$G54,1,0),"") | L54: 2 | M54: =IF($G54<>"",IF(L54=$G54,1,0),"") | N54: 2 | O54: =IF($G54<>"",IF(N54=$G54,1,0),"") | P54: 2 | Q54: =IF($G54<>"",IF(P54=$G54,1,0),"") | R54: 1 | S54: =IF($G54<>"",IF(R54=$G54,1,0),"") | T54: 2 | U54: =IF($G54<>"",IF(T54=$G54,1,0),"") | V54: 2 | W54: =IF($G54<>"",IF(V54=$G54,1,0),"") | X54: 2 | Y54: =IF($G54<>"",IF(X54=$G54,1,0),"") | Z54: 2 | AA54: =IF($G54<>"",IF(Z54=$G54,1,0),"") | AB54: 2 | AC54: =IF($G54<>"",IF(AB54=$G54,1,0),"") | AD54: 2 | AE54: =IF($G54<>"",IF(AD54=$G54,1,0),"") | AF54: x | AG54: =IF($G54<>"",IF(AF54=$G54,1,0),"") | AH54: 1 | AI54: =IF($G54<>"",IF(AH54=$G54,1,0),"") | AJ54: 2 | AK54: =IF($G54<>"",IF(AJ54=$G54,1,0),"") | AL54: X | AM54: =IF($G54<>"",IF(AL54=$G54,1,0),"") | AN54: 2 | AO54: =IF($G54<>"",IF(AN54=$G54,1,0),"") | AP54: 2 | AQ54: =IF($G54<>"",IF(AP54=$G54,1,0),"")
A55: 53 | B55: Gio 25 giu | C55: 03:00 | D55: Girone A | E55: Repubblica Ceca | F55: Messico | H55: X | I55: =IF($G55<>"",IF(H55=$G55,1,0),"") | J55: 2 | K55: =IF($G55<>"",IF(J55=$G55,1,0),"") | L55: 2 | M55: =IF($G55<>"",IF(L55=$G55,1,0),"") | N55: X | O55: =IF($G55<>"",IF(N55=$G55,1,0),"") | P55: X | Q55: =IF($G55<>"",IF(P55=$G55,1,0),"") | R55: X | S55: =IF($G55<>"",IF(R55=$G55,1,0),"") | T55: X | U55: =IF($G55<>"",IF(T55=$G55,1,0),"") | V55: 2 | W55: =IF($G55<>"",IF(V55=$G55,1,0),"") | X55: 2 | Y55: =IF($G55<>"",IF(X55=$G55,1,0),"") | Z55: 2 | AA55: =IF($G55<>"",IF(Z55=$G55,1,0),"") | AB55: 2 | AC55: =IF($G55<>"",IF(AB55=$G55,1,0),"") | AD55: X | AE55: =IF($G55<>"",IF(AD55=$G55,1,0),"") | AF55: x | AG55: =IF($G55<>"",IF(AF55=$G55,1,0),"") | AH55: X | AI55: =IF($G55<>"",IF(AH55=$G55,1,0),"") | AJ55: 2 | AK55: =IF($G55<>"",IF(AJ55=$G55,1,0),"") | AL55: X | AM55: =IF($G55<>"",IF(AL55=$G55,1,0),"") | AN55: 2 | AO55: =IF($G55<>"",IF(AN55=$G55,1,0),"") | AP55: 2 | AQ55: =IF($G55<>"",IF(AP55=$G55,1,0),"")
A56: 54 | B56: Gio 25 giu | C56: 03:00 | D56: Girone A | E56: Sudafrica | F56: Corea del Sud | H56: 2 | I56: =IF($G56<>"",IF(H56=$G56,1,0),"") | J56: X | K56: =IF($G56<>"",IF(J56=$G56,1,0),"") | L56: 1 | M56: =IF($G56<>"",IF(L56=$G56,1,0),"") | N56: 1 | O56: =IF($G56<>"",IF(N56=$G56,1,0),"") | P56: X | Q56: =IF($G56<>"",IF(P56=$G56,1,0),"") | R56: X | S56: =IF($G56<>"",IF(R56=$G56,1,0),"") | T56: 2 | U56: =IF($G56<>"",IF(T56=$G56,1,0),"") | V56: 2 | W56: =IF($G56<>"",IF(V56=$G56,1,0),"") | X56: 2 | Y56: =IF($G56<>"",IF(X56=$G56,1,0),"") | Z56: 1 | AA56: =IF($G56<>"",IF(Z56=$G56,1,0),"") | AB56: 2 | AC56: =IF($G56<>"",IF(AB56=$G56,1,0),"") | AD56: 1 | AE56: =IF($G56<>"",IF(AD56=$G56,1,0),"") | AF56: 1 | AG56: =IF($G56<>"",IF(AF56=$G56,1,0),"") | AH56: 2 | AI56: =IF($G56<>"",IF(AH56=$G56,1,0),"") | AJ56: 2 | AK56: =IF($G56<>"",IF(AJ56=$G56,1,0),"") | AL56: 1 | AM56: =IF($G56<>"",IF(AL56=$G56,1,0),"") | AN56: 2 | AO56: =IF($G56<>"",IF(AN56=$G56,1,0),"") | AP56: 2 | AQ56: =IF($G56<>"",IF(AP56=$G56,1,0),"")
A57: 55 | B57: Gio 25 giu | C57: 22:00 | D57: Girone E | E57: Curaçao | F57: Costa d'Avorio | H57: X | I57: =IF($G57<>"",IF(H57=$G57,1,0),"") | J57: 2 | K57: =IF($G57<>"",IF(J57=$G57,1,0),"") | L57: X | M57: =IF($G57<>"",IF(L57=$G57,1,0),"") | N57: 2 | O57: =IF($G57<>"",IF(N57=$G57,1,0),"") | P57: 2 | Q57: =IF($G57<>"",IF(P57=$G57,1,0),"") | R57: 2 | S57: =IF($G57<>"",IF(R57=$G57,1,0),"") | T57: 2 | U57: =IF($G57<>"",IF(T57=$G57,1,0),"") | V57: 2 | W57: =IF($G57<>"",IF(V57=$G57,1,0),"") | X57: 2 | Y57: =IF($G57<>"",IF(X57=$G57,1,0),"") | Z57: X | AA57: =IF($G57<>"",IF(Z57=$G57,1,0),"") | AB57: X | AC57: =IF($G57<>"",IF(AB57=$G57,1,0),"") | AD57: 2 | AE57: =IF($G57<>"",IF(AD57=$G57,1,0),"") | AF57: 2 | AG57: =IF($G57<>"",IF(AF57=$G57,1,0),"") | AH57: 2 | AI57: =IF($G57<>"",IF(AH57=$G57,1,0),"") | AJ57: 2 | AK57: =IF($G57<>"",IF(AJ57=$G57,1,0),"") | AL57: 2 | AM57: =IF($G57<>"",IF(AL57=$G57,1,0),"") | AN57: 2 | AO57: =IF($G57<>"",IF(AN57=$G57,1,0),"") | AP57: 2 | AQ57: =IF($G57<>"",IF(AP57=$G57,1,0),"")
A58: 56 | B58: Gio 25 giu | C58: 22:00 | D58: Girone E | E58: Ecuador | F58: Germania | H58: 2 | I58: =IF($G58<>"",IF(H58=$G58,1,0),"") | J58: 2 | K58: =IF($G58<>"",IF(J58=$G58,1,0),"") | L58: 2 | M58: =IF($G58<>"",IF(L58=$G58,1,0),"") | N58: X | O58: =IF($G58<>"",IF(N58=$G58,1,0),"") | P58: X | Q58: =IF($G58<>"",IF(P58=$G58,1,0),"") | R58: 2 | S58: =IF($G58<>"",IF(R58=$G58,1,0),"") | T58: 2 | U58: =IF($G58<>"",IF(T58=$G58,1,0),"") | V58: 2 | W58: =IF($G58<>"",IF(V58=$G58,1,0),"") | X58: 2 | Y58: =IF($G58<>"",IF(X58=$G58,1,0),"") | Z58: 2 | AA58: =IF($G58<>"",IF(Z58=$G58,1,0),"") | AB58: 2 | AC58: =IF($G58<>"",IF(AB58=$G58,1,0),"") | AD58: 2 | AE58: =IF($G58<>"",IF(AD58=$G58,1,0),"") | AF58: 2 | AG58: =IF($G58<>"",IF(AF58=$G58,1,0),"") | AH58: 2 | AI58: =IF($G58<>"",IF(AH58=$G58,1,0),"") | AJ58: 2 | AK58: =IF($G58<>"",IF(AJ58=$G58,1,0),"") | AL58: 2 | AM58: =IF($G58<>"",IF(AL58=$G58,1,0),"") | AN58: 2 | AO58: =IF($G58<>"",IF(AN58=$G58,1,0),"") | AP58: 2 | AQ58: =IF($G58<>"",IF(AP58=$G58,1,0),"")
A59: 57 | B59: Ven 26 giu | C59: 01:00 | D59: Girone F | E59: Giappone | F59: Svezia | H59: 1 | I59: =IF($G59<>"",IF(H59=$G59,1,0),"") | J59: 2 | K59: =IF($G59<>"",IF(J59=$G59,1,0),"") | L59: X | M59: =IF($G59<>"",IF(L59=$G59,1,0),"") | N59: 1 | O59: =IF($G59<>"",IF(N59=$G59,1,0),"") | P59: X | Q59: =IF($G59<>"",IF(P59=$G59,1,0),"") | R59: X | S59: =IF($G59<>"",IF(R59=$G59,1,0),"") | T59: X | U59: =IF($G59<>"",IF(T59=$G59,1,0),"") | V59: X | W59: =IF($G59<>"",IF(V59=$G59,1,0),"") | X59: 1 | Y59: =IF($G59<>"",IF(X59=$G59,1,0),"") | Z59: 2 | AA59: =IF($G59<>"",IF(Z59=$G59,1,0),"") | AB59: X | AC59: =IF($G59<>"",IF(AB59=$G59,1,0),"") | AD59: X | AE59: =IF($G59<>"",IF(AD59=$G59,1,0),"") | AF59: 1 | AG59: =IF($G59<>"",IF(AF59=$G59,1,0),"") | AH59: 1 | AI59: =IF($G59<>"",IF(AH59=$G59,1,0),"") | AJ59: X | AK59: =IF($G59<>"",IF(AJ59=$G59,1,0),"") | AL59: 1 | AM59: =IF($G59<>"",IF(AL59=$G59,1,0),"") | AN59: 2 | AO59: =IF($G59<>"",IF(AN59=$G59,1,0),"") | AP59: 1 | AQ59: =IF($G59<>"",IF(AP59=$G59,1,0),"")
A60: 58 | B60: Ven 26 giu | C60: 01:00 | D60: Girone F | E60: Tunisia | F60: Paesi Bassi | H60: 2 | I60: =IF($G60<>"",IF(H60=$G60,1,0),"") | J60: 2 | K60: =IF($G60<>"",IF(J60=$G60,1,0),"") | L60: X | M60: =IF($G60<>"",IF(L60=$G60,1,0),"") | N60: 1 | O60: =IF($G60<>"",IF(N60=$G60,1,0),"") | P60: 2 | Q60: =IF($G60<>"",IF(P60=$G60,1,0),"") | R60: 2 | S60: =IF($G60<>"",IF(R60=$G60,1,0),"") | T60: 2 | U60: =IF($G60<>"",IF(T60=$G60,1,0),"") | V60: 2 | W60: =IF($G60<>"",IF(V60=$G60,1,0),"") | X60: 2 | Y60: =IF($G60<>"",IF(X60=$G60,1,0),"") | Z60: 2 | AA60: =IF($G60<>"",IF(Z60=$G60,1,0),"") | AB60: 2 | AC60: =IF($G60<>"",IF(AB60=$G60,1,0),"") | AD60: 2 | AE60: =IF($G60<>"",IF(AD60=$G60,1,0),"") | AF60: 2 | AG60: =IF($G60<>"",IF(AF60=$G60,1,0),"") | AH60: X | AI60: =IF($G60<>"",IF(AH60=$G60,1,0),"") | AJ60: 2 | AK60: =IF($G60<>"",IF(AJ60=$G60,1,0),"") | AL60: 2 | AM60: =IF($G60<>"",IF(AL60=$G60,1,0),"") | AN60: 2 | AO60: =IF($G60<>"",IF(AN60=$G60,1,0),"") | AP60: 2 | AQ60: =IF($G60<>"",IF(AP60=$G60,1,0),"")
A61: 59 | B61: Ven 26 giu | C61: 04:00 | D61: Girone D | E61: Turchia | F61: Stati Uniti | H61: 1 | I61: =IF($G61<>"",IF(H61=$G61,1,0),"") | J61: 1 | K61: =IF($G61<>"",IF(J61=$G61,1,0),"") | L61: 2 | M61: =IF($G61<>"",IF(L61=$G61,1,0),"") | N61: 2 | O61: =IF($G61<>"",IF(N61=$G61,1,0),"") | P61: 1 | Q61: =IF($G61<>"",IF(P61=$G61,1,0),"") | R61: X | S61: =IF($G61<>"",IF(R61=$G61,1,0),"") | T61: 1 | U61: =IF($G61<>"",IF(T61=$G61,1,0),"") | V61: 1 | W61: =IF($G61<>"",IF(V61=$G61,1,0),"") | X61: 1 | Y61: =IF($G61<>"",IF(X61=$G61,1,0),"") | Z61: 2 | AA61: =IF($G61<>"",IF(Z61=$G61,1,0),"") | AB61: 1 | AC61: =IF($G61<>"",IF(AB61=$G61,1,0),"") | AD61: 2 | AE61: =IF($G61<>"",IF(AD61=$G61,1,0),"") | AF61: 1 | AG61: =IF($G61<>"",IF(AF61=$G61,1,0),"") | AH61: 1 | AI61: =IF($G61<>"",IF(AH61=$G61,1,0),"") | AJ61: 2 | AK61: =IF($G61<>"",IF(AJ61=$G61,1,0),"") | AL61: 1 | AM61: =IF($G61<>"",IF(AL61=$G61,1,0),"") | AN61: 1 | AO61: =IF($G61<>"",IF(AN61=$G61,1,0),"") | AP61: 2 | AQ61: =IF($G61<>"",IF(AP61=$G61,1,0),"")
A62: 60 | B62: Ven 26 giu | C62: 04:00 | D62: Girone D | E62: Paraguay | F62: Australia | H62: X | I62: =IF($G62<>"",IF(H62=$G62,1,0),"") | J62: X | K62: =IF($G62<>"",IF(J62=$G62,1,0),"") | L62: 2 | M62: =IF($G62<>"",IF(L62=$G62,1,0),"") | N62: X | O62: =IF($G62<>"",IF(N62=$G62,1,0),"") | P62: 1 | Q62: =IF($G62<>"",IF(P62=$G62,1,0),"") | R62: X | S62: =IF($G62<>"",IF(R62=$G62,1,0),"") | T62: 1 | U62: =IF($G62<>"",IF(T62=$G62,1,0),"") | V62: X | W62: =IF($G62<>"",IF(V62=$G62,1,0),"") | X62: 1 | Y62: =IF($G62<>"",IF(X62=$G62,1,0),"") | Z62: 1 | AA62: =IF($G62<>"",IF(Z62=$G62,1,0),"") | AB62: X | AC62: =IF($G62<>"",IF(AB62=$G62,1,0),"") | AD62: X | AE62: =IF($G62<>"",IF(AD62=$G62,1,0),"") | AF62: x | AG62: =IF($G62<>"",IF(AF62=$G62,1,0),"") | AH62: 1 | AI62: =IF($G62<>"",IF(AH62=$G62,1,0),"") | AJ62: 1 | AK62: =IF($G62<>"",IF(AJ62=$G62,1,0),"") | AL62: 1 | AM62: =IF($G62<>"",IF(AL62=$G62,1,0),"") | AN62: 1 | AO62: =IF($G62<>"",IF(AN62=$G62,1,0),"") | AP62: 1 | AQ62: =IF($G62<>"",IF(AP62=$G62,1,0),"")
A63: 61 | B63: Ven 26 giu | C63: 19:00 | D63: Girone H | E63: Capo Verde | F63: Arabia Saudita | H63: 2 | I63: =IF($G63<>"",IF(H63=$G63,1,0),"") | J63: 2 | K63: =IF($G63<>"",IF(J63=$G63,1,0),"") | L63: 1 | M63: =IF($G63<>"",IF(L63=$G63,1,0),"") | N63: X | O63: =IF($G63<>"",IF(N63=$G63,1,0),"") | P63: 1 | Q63: =IF($G63<>"",IF(P63=$G63,1,0),"") | R63: X | S63: =IF($G63<>"",IF(R63=$G63,1,0),"") | T63: X | U63: =IF($G63<>"",IF(T63=$G63,1,0),"") | V63: 2 | W63: =IF($G63<>"",IF(V63=$G63,1,0),"") | X63: 2 | Y63: =IF($G63<>"",IF(X63=$G63,1,0),"") | Z63: 2 | AA63: =IF($G63<>"",IF(Z63=$G63,1,0),"") | AB63: 2 | AC63: =IF($G63<>"",IF(AB63=$G63,1,0),"") | AD63: 1 | AE63: =IF($G63<>"",IF(AD63=$G63,1,0),"") | AF63: 1 | AG63: =IF($G63<>"",IF(AF63=$G63,1,0),"") | AH63: X | AI63: =IF($G63<>"",IF(AH63=$G63,1,0),"") | AJ63: 2 | AK63: =IF($G63<>"",IF(AJ63=$G63,1,0),"") | AL63: 2 | AM63: =IF($G63<>"",IF(AL63=$G63,1,0),"") | AN63: 2 | AO63: =IF($G63<>"",IF(AN63=$G63,1,0),"") | AP63: 2 | AQ63: =IF($G63<>"",IF(AP63=$G63,1,0),"")
A64: 62 | B64: Ven 26 giu | C64: 19:00 | D64: Girone H | E64: Uruguay | F64: Spagna | H64: 2 | I64: =IF($G64<>"",IF(H64=$G64,1,0),"") | J64: 2 | K64: =IF($G64<>"",IF(J64=$G64,1,0),"") | L64: 2 | M64: =IF($G64<>"",IF(L64=$G64,1,0),"") | N64: 2 | O64: =IF($G64<>"",IF(N64=$G64,1,0),"") | P64: X | Q64: =IF($G64<>"",IF(P64=$G64,1,0),"") | R64: 2 | S64: =IF($G64<>"",IF(R64=$G64,1,0),"") | T64: 2 | U64: =IF($G64<>"",IF(T64=$G64,1,0),"") | V64: 2 | W64: =IF($G64<>"",IF(V64=$G64,1,0),"") | X64: 2 | Y64: =IF($G64<>"",IF(X64=$G64,1,0),"") | Z64: 2 | AA64: =IF($G64<>"",IF(Z64=$G64,1,0),"") | AB64: X | AC64: =IF($G64<>"",IF(AB64=$G64,1,0),"") | AD64: 2 | AE64: =IF($G64<>"",IF(AD64=$G64,1,0),"") | AF64: 2 | AG64: =IF($G64<>"",IF(AF64=$G64,1,0),"") | AH64: 2 | AI64: =IF($G64<>"",IF(AH64=$G64,1,0),"") | AJ64: X | AK64: =IF($G64<>"",IF(AJ64=$G64,1,0),"") | AL64: X | AM64: =IF($G64<>"",IF(AL64=$G64,1,0),"") | AN64: 2 | AO64: =IF($G64<>"",IF(AN64=$G64,1,0),"") | AP64: 2 | AQ64: =IF($G64<>"",IF(AP64=$G64,1,0),"")
A65: 63 | B65: Sab 27 giu | C65: 24:00 | D65: Girone G | E65: Egitto | F65: Iran | H65: 1 | I65: =IF($G65<>"",IF(H65=$G65,1,0),"") | J65: 1 | K65: =IF($G65<>"",IF(J65=$G65,1,0),"") | L65: X | M65: =IF($G65<>"",IF(L65=$G65,1,0),"") | N65: 1 | O65: =IF($G65<>"",IF(N65=$G65,1,0),"") | P65: 1 | Q65: =IF($G65<>"",IF(P65=$G65,1,0),"") | R65: 1 | S65: =IF($G65<>"",IF(R65=$G65,1,0),"") | T65: 1 | U65: =IF($G65<>"",IF(T65=$G65,1,0),"") | V65: 2 | W65: =IF($G65<>"",IF(V65=$G65,1,0),"") | X65: X | Y65: =IF($G65<>"",IF(X65=$G65,1,0),"") | Z65: X | AA65: =IF($G65<>"",IF(Z65=$G65,1,0),"") | AB65: X | AC65: =IF($G65<>"",IF(AB65=$G65,1,0),"") | AD65: X | AE65: =IF($G65<>"",IF(AD65=$G65,1,0),"") | AF65: 1 | AG65: =IF($G65<>"",IF(AF65=$G65,1,0),"") | AH65: X | AI65: =IF($G65<>"",IF(AH65=$G65,1,0),"") | AJ65: 1 | AK65: =IF($G65<>"",IF(AJ65=$G65,1,0),"") | AL65: 1 | AM65: =IF($G65<>"",IF(AL65=$G65,1,0),"") | AN65: 1 | AO65: =IF($G65<>"",IF(AN65=$G65,1,0),"") | AP65: 2 | AQ65: =IF($G65<>"",IF(AP65=$G65,1,0),"")
A66: 64 | B66: Sab 27 giu | C66: 24:00 | D66: Girone G | E66: Nuova Zelanda | F66: Belgio | H66: 2 | I66: =IF($G66<>"",IF(H66=$G66,1,0),"") | J66: 2 | K66: =IF($G66<>"",IF(J66=$G66,1,0),"") | L66: 1 | M66: =IF($G66<>"",IF(L66=$G66,1,0),"") | N66: 2 | O66: =IF($G66<>"",IF(N66=$G66,1,0),"") | P66: X | Q66: =IF($G66<>"",IF(P66=$G66,1,0),"") | R66: 2 | S66: =IF($G66<>"",IF(R66=$G66,1,0),"") | T66: 2 | U66: =IF($G66<>"",IF(T66=$G66,1,0),"") | V66: 2 | W66: =IF($G66<>"",IF(V66=$G66,1,0),"") | X66: 2 | Y66: =IF($G66<>"",IF(X66=$G66,1,0),"") | Z66: X | AA66: =IF($G66<>"",IF(Z66=$G66,1,0),"") | AB66: 2 | AC66: =IF($G66<>"",IF(AB66=$G66,1,0),"") | AD66: X | AE66: =IF($G66<>"",IF(AD66=$G66,1,0),"") | AF66: 2 | AG66: =IF($G66<>"",IF(AF66=$G66,1,0),"") | AH66: 2 | AI66: =IF($G66<>"",IF(AH66=$G66,1,0),"") | AJ66: 2 | AK66: =IF($G66<>"",IF(AJ66=$G66,1,0),"") | AL66: 2 | AM66: =IF($G66<>"",IF(AL66=$G66,1,0),"") | AN66: 2 | AO66: =IF($G66<>"",IF(AN66=$G66,1,0),"") | AP66: 2 | AQ66: =IF($G66<>"",IF(AP66=$G66,1,0),"")
A67: 65 | B67: Sab 27 giu | C67: 03:00 | D67: Girone I | E67: Senegal | F67: Iraq | H67: X | I67: =IF($G67<>"",IF(H67=$G67,1,0),"") | J67: 1 | K67: =IF($G67<>"",IF(J67=$G67,1,0),"") | L67: 1 | M67: =IF($G67<>"",IF(L67=$G67,1,0),"") | N67: 1 | O67: =IF($G67<>"",IF(N67=$G67,1,0),"") | P67: 1 | Q67: =IF($G67<>"",IF(P67=$G67,1,0),"") | R67: 1 | S67: =IF($G67<>"",IF(R67=$G67,1,0),"") | T67: 1 | U67: =IF($G67<>"",IF(T67=$G67,1,0),"") | V67: 1 | W67: =IF($G67<>"",IF(V67=$G67,1,0),"") | X67: 1 | Y67: =IF($G67<>"",IF(X67=$G67,1,0),"") | Z67: 1 | AA67: =IF($G67<>"",IF(Z67=$G67,1,0),"") | AB67: X | AC67: =IF($G67<>"",IF(AB67=$G67,1,0),"") | AD67: X | AE67: =IF($G67<>"",IF(AD67=$G67,1,0),"") | AF67: 1 | AG67: =IF($G67<>"",IF(AF67=$G67,1,0),"") | AH67: 1 | AI67: =IF($G67<>"",IF(AH67=$G67,1,0),"") | AJ67: 1 | AK67: =IF($G67<>"",IF(AJ67=$G67,1,0),"") | AL67: 2 | AM67: =IF($G67<>"",IF(AL67=$G67,1,0),"") | AN67: 1 | AO67: =IF($G67<>"",IF(AN67=$G67,1,0),"") | AP67: 1 | AQ67: =IF($G67<>"",IF(AP67=$G67,1,0),"")
A68: 66 | B68: Sab 27 giu | C68: 03:00 | D68: Girone I | E68: Norvegia | F68: Francia | H68: 2 | I68: =IF($G68<>"",IF(H68=$G68,1,0),"") | J68: 2 | K68: =IF($G68<>"",IF(J68=$G68,1,0),"") | L68: 2 | M68: =IF($G68<>"",IF(L68=$G68,1,0),"") | N68: X | O68: =IF($G68<>"",IF(N68=$G68,1,0),"") | P68: X | Q68: =IF($G68<>"",IF(P68=$G68,1,0),"") | R68: 2 | S68: =IF($G68<>"",IF(R68=$G68,1,0),"") | T68: X | U68: =IF($G68<>"",IF(T68=$G68,1,0),"") | V68: X | W68: =IF($G68<>"",IF(V68=$G68,1,0),"") | X68: 1 | Y68: =IF($G68<>"",IF(X68=$G68,1,0),"") | Z68: 2 | AA68: =IF($G68<>"",IF(Z68=$G68,1,0),"") | AB68: 2 | AC68: =IF($G68<>"",IF(AB68=$G68,1,0),"") | AD68: X | AE68: =IF($G68<>"",IF(AD68=$G68,1,0),"") | AF68: x | AG68: =IF($G68<>"",IF(AF68=$G68,1,0),"") | AH68: X | AI68: =IF($G68<>"",IF(AH68=$G68,1,0),"") | AJ68: X | AK68: =IF($G68<>"",IF(AJ68=$G68,1,0),"") | AL68: X | AM68: =IF($G68<>"",IF(AL68=$G68,1,0),"") | AN68: 2 | AO68: =IF($G68<>"",IF(AN68=$G68,1,0),"") | AP68: 2 | AQ68: =IF($G68<>"",IF(AP68=$G68,1,0),"")
A69: 67 | B69: Sab 27 giu | C69: 19:00 | D69: Girone J | E69: Giordania | F69: Argentina | H69: 2 | I69: =IF($G69<>"",IF(H69=$G69,1,0),"") | J69: 2 | K69: =IF($G69<>"",IF(J69=$G69,1,0),"") | L69: 2 | M69: =IF($G69<>"",IF(L69=$G69,1,0),"") | N69: 2 | O69: =IF($G69<>"",IF(N69=$G69,1,0),"") | P69: 2 | Q69: =IF($G69<>"",IF(P69=$G69,1,0),"") | R69: 2 | S69: =IF($G69<>"",IF(R69=$G69,1,0),"") | T69: 2 | U69: =IF($G69<>"",IF(T69=$G69,1,0),"") | V69: X | W69: =IF($G69<>"",IF(V69=$G69,1,0),"") | X69: 2 | Y69: =IF($G69<>"",IF(X69=$G69,1,0),"") | Z69: 2 | AA69: =IF($G69<>"",IF(Z69=$G69,1,0),"") | AB69: 2 | AC69: =IF($G69<>"",IF(AB69=$G69,1,0),"") | AD69: 2 | AE69: =IF($G69<>"",IF(AD69=$G69,1,0),"") | AF69: 2 | AG69: =IF($G69<>"",IF(AF69=$G69,1,0),"") | AH69: 2 | AI69: =IF($G69<>"",IF(AH69=$G69,1,0),"") | AJ69: 2 | AK69: =IF($G69<>"",IF(AJ69=$G69,1,0),"") | AL69: 2 | AM69: =IF($G69<>"",IF(AL69=$G69,1,0),"") | AN69: 2 | AO69: =IF($G69<>"",IF(AN69=$G69,1,0),"") | AP69: 2 | AQ69: =IF($G69<>"",IF(AP69=$G69,1,0),"")
A70: 68 | B70: Dom 28 giu | C70: 01:30 | D70: Girone K | E70: Colombia | F70: Portogallo | H70: 2 | I70: =IF($G70<>"",IF(H70=$G70,1,0),"") | J70: 2 | K70: =IF($G70<>"",IF(J70=$G70,1,0),"") | L70: 1 | M70: =IF($G70<>"",IF(L70=$G70,1,0),"") | N70: X | O70: =IF($G70<>"",IF(N70=$G70,1,0),"") | P70: X | Q70: =IF($G70<>"",IF(P70=$G70,1,0),"") | R70: X | S70: =IF($G70<>"",IF(R70=$G70,1,0),"") | T70: 2 | U70: =IF($G70<>"",IF(T70=$G70,1,0),"") | V70: 2 | W70: =IF($G70<>"",IF(V70=$G70,1,0),"") | X70: 1 | Y70: =IF($G70<>"",IF(X70=$G70,1,0),"") | Z70: 2 | AA70: =IF($G70<>"",IF(Z70=$G70,1,0),"") | AB70: 2 | AC70: =IF($G70<>"",IF(AB70=$G70,1,0),"") | AD70: 2 | AE70: =IF($G70<>"",IF(AD70=$G70,1,0),"") | AF70: 2 | AG70: =IF($G70<>"",IF(AF70=$G70,1,0),"") | AH70: X | AI70: =IF($G70<>"",IF(AH70=$G70,1,0),"") | AJ70: 1 | AK70: =IF($G70<>"",IF(AJ70=$G70,1,0),"") | AL70: 1 | AM70: =IF($G70<>"",IF(AL70=$G70,1,0),"") | AN70: 2 | AO70: =IF($G70<>"",IF(AN70=$G70,1,0),"") | AP70: 2 | AQ70: =IF($G70<>"",IF(AP70=$G70,1,0),"")
A71: 69 | B71: Dom 28 giu | C71: 01:30 | D71: Girone K | E71: R. D. del Congo | F71: Uzbekistan | H71: X | I71: =IF($G71<>"",IF(H71=$G71,1,0),"") | J71: X | K71: =IF($G71<>"",IF(J71=$G71,1,0),"") | L71: 1 | M71: =IF($G71<>"",IF(L71=$G71,1,0),"") | N71: 1 | O71: =IF($G71<>"",IF(N71=$G71,1,0),"") | P71: 1 | Q71: =IF($G71<>"",IF(P71=$G71,1,0),"") | R71: X | S71: =IF($G71<>"",IF(R71=$G71,1,0),"") | T71: X | U71: =IF($G71<>"",IF(T71=$G71,1,0),"") | V71: 2 | W71: =IF($G71<>"",IF(V71=$G71,1,0),"") | X71: 1 | Y71: =IF($G71<>"",IF(X71=$G71,1,0),"") | Z71: X | AA71: =IF($G71<>"",IF(Z71=$G71,1,0),"") | AB71: X | AC71: =IF($G71<>"",IF(AB71=$G71,1,0),"") | AD71: X | AE71: =IF($G71<>"",IF(AD71=$G71,1,0),"") | AF71: 2 | AG71: =IF($G71<>"",IF(AF71=$G71,1,0),"") | AH71: X | AI71: =IF($G71<>"",IF(AH71=$G71,1,0),"") | AJ71: 1 | AK71: =IF($G71<>"",IF(AJ71=$G71,1,0),"") | AL71: 2 | AM71: =IF($G71<>"",IF(AL71=$G71,1,0),"") | AN71: 2 | AO71: =IF($G71<>"",IF(AN71=$G71,1,0),"") | AP71: 2 | AQ71: =IF($G71<>"",IF(AP71=$G71,1,0),"")
A72: 70 | B72: Dom 28 giu | C72: 04:00 | D72: Girone J | E72: Algeria | F72: Austria | H72: 1 | I72: =IF($G72<>"",IF(H72=$G72,1,0),"") | J72: 2 | K72: =IF($G72<>"",IF(J72=$G72,1,0),"") | L72: 2 | M72: =IF($G72<>"",IF(L72=$G72,1,0),"") | N72: 2 | O72: =IF($G72<>"",IF(N72=$G72,1,0),"") | P72: X | Q72: =IF($G72<>"",IF(P72=$G72,1,0),"") | R72: X | S72: =IF($G72<>"",IF(R72=$G72,1,0),"") | T72: X | U72: =IF($G72<>"",IF(T72=$G72,1,0),"") | V72: X | W72: =IF($G72<>"",IF(V72=$G72,1,0),"") | X72: 1 | Y72: =IF($G72<>"",IF(X72=$G72,1,0),"") | Z72: 2 | AA72: =IF($G72<>"",IF(Z72=$G72,1,0),"") | AB72: 1 | AC72: =IF($G72<>"",IF(AB72=$G72,1,0),"") | AD72: X | AE72: =IF($G72<>"",IF(AD72=$G72,1,0),"") | AF72: x | AG72: =IF($G72<>"",IF(AF72=$G72,1,0),"") | AH72: X | AI72: =IF($G72<>"",IF(AH72=$G72,1,0),"") | AJ72: 1 | AK72: =IF($G72<>"",IF(AJ72=$G72,1,0),"") | AL72: 1 | AM72: =IF($G72<>"",IF(AL72=$G72,1,0),"") | AN72: 1 | AO72: =IF($G72<>"",IF(AN72=$G72,1,0),"") | AP72: 2 | AQ72: =IF($G72<>"",IF(AP72=$G72,1,0),"")
A73: 71 | B73: Dom 28 giu | C73: 19:00 | D73: Girone L | E73: Croazia | F73: Ghana | H73: 1 | I73: =IF($G73<>"",IF(H73=$G73,1,0),"") | J73: 1 | K73: =IF($G73<>"",IF(J73=$G73,1,0),"") | L73: 1 | M73: =IF($G73<>"",IF(L73=$G73,1,0),"") | N73: 1 | O73: =IF($G73<>"",IF(N73=$G73,1,0),"") | P73: 1 | Q73: =IF($G73<>"",IF(P73=$G73,1,0),"") | R73: 1 | S73: =IF($G73<>"",IF(R73=$G73,1,0),"") | T73: 1 | U73: =IF($G73<>"",IF(T73=$G73,1,0),"") | V73: X | W73: =IF($G73<>"",IF(V73=$G73,1,0),"") | X73: 1 | Y73: =IF($G73<>"",IF(X73=$G73,1,0),"") | Z73: X | AA73: =IF($G73<>"",IF(Z73=$G73,1,0),"") | AB73: 1 | AC73: =IF($G73<>"",IF(AB73=$G73,1,0),"") | AD73: 1 | AE73: =IF($G73<>"",IF(AD73=$G73,1,0),"") | AF73: 1 | AG73: =IF($G73<>"",IF(AF73=$G73,1,0),"") | AH73: X | AI73: =IF($G73<>"",IF(AH73=$G73,1,0),"") | AJ73: 2 | AK73: =IF($G73<>"",IF(AJ73=$G73,1,0),"") | AL73: X | AM73: =IF($G73<>"",IF(AL73=$G73,1,0),"") | AN73: 1 | AO73: =IF($G73<>"",IF(AN73=$G73,1,0),"") | AP73: 1 | AQ73: =IF($G73<>"",IF(AP73=$G73,1,0),"")
A74: 72 | B74: Dom 28 giu | C74: 19:00 | D74: Girone L | E74: Panama | F74: Inghilterra | H74: 2 | I74: =IF($G74<>"",IF(H74=$G74,1,0),"") | J74: 2 | K74: =IF($G74<>"",IF(J74=$G74,1,0),"") | L74: 2 | M74: =IF($G74<>"",IF(L74=$G74,1,0),"") | N74: 2 | O74: =IF($G74<>"",IF(N74=$G74,1,0),"") | P74: 2 | Q74: =IF($G74<>"",IF(P74=$G74,1,0),"") | R74: 2 | S74: =IF($G74<>"",IF(R74=$G74,1,0),"") | T74: 2 | U74: =IF($G74<>"",IF(T74=$G74,1,0),"") | V74: 2 | W74: =IF($G74<>"",IF(V74=$G74,1,0),"") | X74: 2 | Y74: =IF($G74<>"",IF(X74=$G74,1,0),"") | Z74: 2 | AA74: =IF($G74<>"",IF(Z74=$G74,1,0),"") | AB74: 2 | AC74: =IF($G74<>"",IF(AB74=$G74,1,0),"") | AD74: 2 | AE74: =IF($G74<>"",IF(AD74=$G74,1,0),"") | AF74: 2 | AG74: =IF($G74<>"",IF(AF74=$G74,1,0),"") | AH74: 2 | AI74: =IF($G74<>"",IF(AH74=$G74,1,0),"") | AJ74: 2 | AK74: =IF($G74<>"",IF(AJ74=$G74,1,0),"") | AL74: 2 | AM74: =IF($G74<>"",IF(AL74=$G74,1,0),"") | AN74: 2 | AO74: =IF($G74<>"",IF(AN74=$G74,1,0),"") | AP74: 2 | AQ74: =IF($G74<>"",IF(AP74=$G74,1,0),"")

Sheet Regolamento
A1: Benvenuti nel Mondialito di IZI S.p.A.! Questa prima parte del gioco consiste nell'indovinare gli esiti delle partite valevoli per i gironi del mondiale. Per ogni esito indovinato si ottiene un punto. Alla fine dei gironi, il giocatore che avrà totalizzato più punti sarà decretato vincitore della fase a gironi. Per partecipare, non dovete far altro che compilare le vostre previsioni nella rispettiva colonna verde. LA QUOTA DI ISCRIZIONE È PARI A 5 €, il vincitore prende tutto. A seguire, una volta definito il tabellone, insieme capiremo come e se costruire la seconda tappa del gioco.

Sheet Classifica

Sheet Elenco
A1: 1
A2: X
A3: 2
B4: Giocatore | C4: Punti
B5: ='Previsioni partecipanti'!H1 -> Leo Proietti | C5: ='Previsioni partecipanti'!I1 -> 0
B6: ='Previsioni partecipanti'!J1 -> Jack | C6: ='Previsioni partecipanti'!K1 -> 0
B7: {='Previsioni partecipanti'!L1:M1} -> Antonella | C7: 0
B8: {='Previsioni partecipanti'!N1:O1} -> Vito | C8: 0
B9: {='Previsioni partecipanti'!P1:Q1} -> Samuele | C9: 0
B10: {='Previsioni partecipanti'!R1:S1} -> Valerio | C10: 0
B11: {='Previsioni partecipanti'!T1:U1} -> Edoardo | C11: 0
B12: {='Previsioni partecipanti'!V1:W1} -> Tania | C12: 0
B13: {='Previsioni partecipanti'!X1:Y1} -> Pier | C13: 0
B14: {='Previsioni partecipanti'!Z1:AA1} -> Alessandra C. | C14: 0
B15: {='Previsioni partecipanti'!AB1:AC1} -> Alessandra P. | C15: 0
B16: {='Previsioni partecipanti'!AD1:AE1} -> Claudia A. | C16: 0
B17: {='Previsioni partecipanti'!AF1:AG1} -> Marco G. | C17: 0
B18: {='Previsioni partecipanti'!AH1:AI1} -> Alessio S. | C18: 0
B19: {='Previsioni partecipanti'!AJ1:AK1} -> Alessio R. | C19: 0
B20: {='Previsioni partecipanti'!AL1:AM1} -> Marco P. | C20: 0
B21: {='Previsioni partecipanti'!AN1:AO1} -> Khawla | C21: 0
B22: ='Previsioni partecipanti'!AP1 -> Federico R. | C22: ='Previsioni partecipanti'!AQ1 -> 0
